Workbook

Sheet 01
A1: Registro | C1: PC 01.1 | F1: Programa de Crianza
A2: Versión: | C2: 2
A3: Fecha: | C3: 44701
A4: Elaborado Por: | C4: A - Vial
A5: Modificado por: | C5: R - Gatica | F5: Retiro de Alimentación Piscinas exteriores
A6: Aprobado Por | C6: A - Vial | R6: Mes: | S6: Mayo | U6: Folio:
A7: Hojas: | C7: 1 de 3 | F7: Acuícola Alas S.A., Ruta 5 sur, Km 338, VII región, Parral
A9: Dia: | B9: Martes 01 | N9: Dia:
B10: Thalassa 0.9 -1.6 | C10: Thalassa 1.3 - 2.0 | D10: 3 mm progress ex | E10: 4.5 mm Progress | F10: 6 mm Progress | G10: 8 mm Progress | H10: 8 mm Reproductor | L10: Total | O10: =B10 -> Thalassa 0.9 -1.6 | P10: =C10 -> Thalassa 1.3 - 2.0 | Q10: =D10 -> 3 mm progress ex | R10: =E10 -> 4.5 mm Progress | S10: =F10 -> 6 mm Progress | T10: =G10 -> 8 mm Progress | U10: =H10 -> 8 mm Reproductor | V10: =I10 -> 0 | ... X10: =K10 -> 0 | Y10: Total
A11: SO1 | L11: =SUM(B11:K11) -> 0 | N11: SO1 | Y11: =SUM(O11:X11) -> 0
A12: SO2 | L12: =SUM(B12:K12) -> 0 | N12: SO2 | Y12: =SUM(O12:X12) -> 0
A13: SO3 | L13: =SUM(B13:K13) -> 0 | N13: SO3 | Y13: =SUM(O13:X13) -> 0
A14: SO4 | L14: =SUM(B14:K14) -> 0 | N14: SO4 | Y14: =SUM(O14:X14) -> 0
A15: SO5 | L15: =SUM(B15:K15) -> 0 | N15: SO5 | Y15: =SUM(O15:X15) -> 0
A16: SO6 | L16: =SUM(B16:K16) -> 0 | N16: SO6 | Y16: =SUM(O16:X16) -> 0
A17: SP1 | L17: =SUM(B17:K17) -> 0 | N17: SP1 | Y17: =SUM(O17:X17) -> 0
A18: SP2 | L18: =SUM(B18:K18) -> 0 | N18: SP2 | Y18: =SUM(O18:X18) -> 0
A19: SP3 | L19: =SUM(B19:K19) -> 0 | N19: SP3 | Y19: =SUM(O19:X19) -> 0
A20: SP4 | D20: 3 | L20: =SUM(B20:K20) -> 3 | N20: SP4 | Y20: =SUM(O20:X20) -> 0
A21: SP5 | L21: =SUM(B21:K21) -> 0 | N21: SP5 | Y21: =SUM(O21:X21) -> 0
A22: SP6 | L22: =SUM(B22:K22) -> 0 | N22: SP6 | Y22: =SUM(O22:X22) -> 0
A23: NO1 | F23: 2 | L23: =SUM(B23:K23) -> 2 | N23: NO1 | Y23: =SUM(O23:X23) -> 0
A24: NO2 | F24: 2 | L24: =SUM(B24:K24) -> 2 | N24: NO2 | Y24: =SUM(O24:X24) -> 0
A25: NO3 | F25: 2 | L25: =SUM(B25:K25) -> 2 | N25: NO3 | Y25: =SUM(O25:X25) -> 0
A26: NO4 | F26: 6 | L26: =SUM(B26:K26) -> 6 | N26: NO4 | Y26: =SUM(O26:X26) -> 0
A27: NO5 | D27: 3 | L27: =SUM(B27:K27) -> 3 | N27: NO5 | Y27: =SUM(O27:X27) -> 0
A28: NO6 | F28: 2 | L28: =SUM(B28:K28) -> 2 | N28: NO6 | Y28: =SUM(O28:X28) -> 0
A29: NC1 | F29: 7 | L29: =SUM(B29:K29) -> 7 | N29: NC1 | Y29: =SUM(O29:X29) -> 0
A30: NC2 | F30: 5 | L30: =SUM(B30:K30) -> 5 | N30: NC2 | Y30: =SUM(O30:X30) -> 0
A31: NC3 | F31: 5 | L31: =SUM(B31:K31) -> 5 | N31: NC3 | Y31: =SUM(O31:X31) -> 0
A32: NC4 | F32: 2 | L32: =SUM(B32:K32) -> 2 | N32: NC4 | Y32: =SUM(O32:X32) -> 0
A33: NC5 | F33: 5 | L33: =SUM(B33:K33) -> 5 | N33: NC5 | Y33: =SUM(O33:X33) -> 0
A34: NC6 | F34: 6 | L34: =SUM(B34:K34) -> 6 | N34: NC6 | Y34: =SUM(O34:X34) -> 0
A35: NP1 | F35: 2 | L35: =SUM(B35:K35) -> 2 | N35: NP1 | Y35: =SUM(O35:X35) -> 0
A36: NP2 | F36: 2 | L36: =SUM(B36:K36) -> 2 | N36: NP2 | Y36: =SUM(O36:X36) -> 0
A37: NP3 | F37: 2 | L37: =SUM(B37:K37) -> 2 | N37: NP3 | Y37: =SUM(O37:X37) -> 0
A38: NP4 | F38: 2 | L38: =SUM(B38:K38) -> 2 | N38: NP4 | Y38: =SUM(O38:X38) -> 0
A39: NP5 | F39: 2 | L39: =SUM(B39:K39) -> 2 | N39: NP5 | Y39: =SUM(O39:X39) -> 0
... A41: C1 | F41: 2 | L41: =SUM(B41:K41) -> 2 | N41: C1 | Y41: =SUM(O41:X41) -> 0
A42: C2N | D42: 1 | L42: =SUM(B42:K42) -> 1 | N42: C2N | Y42: =SUM(O42:X42) -> 0
A43: C2 | F43: 2 | L43: =SUM(B43:K43) -> 2 | N43: C2 | Y43: =SUM(O43:X43) -> 0
A44: C3 | F44: 3 | L44: =SUM(B44:K44) -> 3 | N44: C3 | Y44: =SUM(O44:X44) -> 0
A45: C4 | F45: 3 | L45: =SUM(B45:K45) -> 3 | N45: C4 | Y45: =SUM(O45:X45) -> 0
A46: C5 | D46: 1 | L46: =SUM(B46:K46) -> 1 | N46: C5 | Y46: =SUM(O46:X46) -> 0
A47: C6 | F47: 5 | L47: =SUM(B47:K47) -> 5 | N47: C6 | Y47: =SUM(O47:X47) -> 0
A48: Hatchery | L48: =SUM(B48:K48) -> 0 | N48: Hatchery | Y48: =SUM(O48:X48) -> 0
A49: Jaula | L49: =SUM(B49:K49) -> 0 | N49: Jaula | Y49: =SUM(O49:X49) -> 0
A50: Total | B50: =SUM(B11:B49) -> 0 | C50: =SUM(C11:C49) -> 0 | D50: =SUM(D11:D49) -> 8 | E50: =SUM(E11:E49) -> 0 | F50: =SUM(F11:F49) -> 71 | G50: =SUM(G11:G49) -> 0 | H50: =SUM(H11:H49) -> 0 | I50: =SUM(I11:I49) -> 0 | ... L50: =SUM(L11:L49) -> 79 | N50: Total | O50: =SUM(O11:O49) -> 0 | P50: =SUM(P11:P49) -> 0 | Q50: =SUM(Q11:Q49) -> 0 | R50: =SUM(R11:R49) -> 0 | S50: =SUM(S11:S49) -> 0 | T50: =SUM(T11:T49) -> 0 | U50: =SUM(U11:U49) -> 0 | V50: =SUM(V11:V49) -> 0 | ... Y50: =SUM(Y11:Y49) -> 0
A56: Dia: | N56: Dia:
B57: =B10 -> Thalassa 0.9 -1.6 | C57: =C10 -> Thalassa 1.3 - 2.0 | D57: =D10 -> 3 mm progress ex | E57: =E10 -> 4.5 mm Progress | F57: =F10 -> 6 mm Progress | G57: =G10 -> 8 mm Progress | H57: =H10 -> 8 mm Reproductor | I57: =I10 -> 0 | ... K57: =K10 -> 0 | L57: Total | O57: =B10 -> Thalassa 0.9 -1.6 | P57: =C10 -> Thalassa 1.3 - 2.0 | Q57: =D10 -> 3 mm progress ex | R57: =E10 -> 4.5 mm Progress | S57: =F10 -> 6 mm Progress | T57: =G10 -> 8 mm Progress | U57: =H10 -> 8 mm Reproductor | V57: =I10 -> 0 | ... X57: =K10 -> 0 | Y57: Total
A58: SO1 | L58: =SUM(B58:K58) -> 0 | N58: SO1 | Y58: =SUM(O58:X58) -> 0
A59: SO2 | L59: =SUM(B59:K59) -> 0 | N59: SO2 | Y59: =SUM(O59:X59) -> 0
A60: SO3 | L60: =SUM(B60:K60) -> 0 | N60: SO3 | Y60: =SUM(O60:X60) -> 0
A61: SO4 | L61: =SUM(B61:K61) -> 0 | N61: SO4 | Y61: =SUM(O61:X61) -> 0
A62: SO5 | L62: =SUM(B62:K62) -> 0 | N62: SO5 | Y62: =SUM(O62:X62) -> 0
A63: SO6 | L63: =SUM(B63:K63) -> 0 | N63: SO6 | Y63: =SUM(O63:X63) -> 0
A64: SP1 | L64: =SUM(B64:K64) -> 0 | N64: SP1 | Y64: =SUM(O64:X64) -> 0
A65: SP2 | L65: =SUM(B65:K65) -> 0 | N65: SP2 | Y65: =SUM(O65:X65) -> 0
A66: SP3 | L66: =SUM(B66:K66) -> 0 | N66: SP3 | Y66: =SUM(O66:X66) -> 0
A67: SP4 | L67: =SUM(B67:K67) -> 0 | N67: SP4 | Y67: =SUM(O67:X67) -> 0
A68: SP5 | L68: =SUM(B68:K68) -> 0 | N68: SP5 | Y68: =SUM(O68:X68) -> 0
A69: SP6 | L69: =SUM(B69:K69) -> 0 | N69: SP6 | Y69: =SUM(O69:X69) -> 0
... A96: Jaula | L96: =SUM(B96:K96) -> 0 | N96: Jaula | Y96: =SUM(O96:X96) -> 0
A97: Total | B97: =SUM(B58:B96) -> 0 | C97: =SUM(C58:C96) -> 0 | D97: =SUM(D58:D96) -> 0 | E97: =SUM(E58:E96) -> 0 | F97: =SUM(F58:F96) -> 0 | G97: =SUM(G58:G96) -> 0 | H97: =SUM(H58:H96) -> 0 | I97: =SUM(I58:I96) -> 0 | ... L97: =SUM(L58:L96) -> 0 | N97: Total | O97: =SUM(O58:O96) -> 0 | P97: =SUM(P58:P96) -> 0 | Q97: =SUM(Q58:Q96) -> 0 | R97: =SUM(R58:R96) -> 0 | S97: =SUM(S58:S96) -> 0 | T97: =SUM(T58:T96) -> 0 | U97: =SUM(U58:U96) -> 0 | V97: =SUM(V58:V96) -> 0 | ... Y97: =SUM(Y58:Y96) -> 0

Sheet 02
A1: Registro | C1: PC 01.1 | F1: Programa de Crianza
A2: Versión: | C2: 2
A3: Fecha: | C3: 44701
A4: Elaborado Por: | C4: A - Vial
A5: Modificado por: | C5: R - Gatica | F5: Retiro de Alimentación Piscinas exteriores
A6: Aprobado Por | C6: A - Vial | R6: Mes: | S6: ='01'!S6 -> Mayo | U6: Folio:
A7: Hojas: | C7: 1 de 3 | F7: Acuícola Alas S.A., Ruta 5 sur, Km 338, VII región, Parral
A9: Dia: | B9: Lunes 07 | N9: Dia:
B10: Thalassa 0.9 -1.6 | C10: Thalassa 1.3 - 2.0 | D10: 3 mm progress ex | E10: 4.5 mm Progress | F10: 6 mm Progress | G10: 8 mm Progress | H10: 8 mm Reproductor | L10: Total | O10: =B10 -> Thalassa 0.9 -1.6 | P10: =C10 -> Thalassa 1.3 - 2.0 | Q10: =D10 -> 3 mm progress ex | R10: =E10 -> 4.5 mm Progress | S10: =F10 -> 6 mm Progress | T10: =G10 -> 8 mm Progress | U10: =H10 -> 8 mm Reproductor | V10: =I10 -> 0 | ... X10: =K10 -> 0 | Y10: Total
A11: SO1 | L11: =SUM(B11:K11) -> 0 | N11: SO1 | Y11: =SUM(O11:X11) -> 0
A12: SO2 | L12: =SUM(B12:K12) -> 0 | N12: SO2 | Y12: =SUM(O12:X12) -> 0
A13: SO3 | L13: =SUM(B13:K13) -> 0 | N13: SO3 | Y13: =SUM(O13:X13) -> 0
A14: SO4 | L14: =SUM(B14:K14) -> 0 | N14: SO4 | Y14: =SUM(O14:X14) -> 0
A15: SO5 | L15: =SUM(B15:K15) -> 0 | N15: SO5 | Y15: =SUM(O15:X15) -> 0
A16: SO6 | L16: =SUM(B16:K16) -> 0 | N16: SO6 | Y16: =SUM(O16:X16) -> 0
A17: SP1 | L17: =SUM(B17:K17) -> 0 | N17: SP1 | Y17: =SUM(O17:X17) -> 0
A18: SP2 | L18: =SUM(B18:K18) -> 0 | N18: SP2 | Y18: =SUM(O18:X18) -> 0
A19: SP3 | L19: =SUM(B19:K19) -> 0 | N19: SP3 | Y19: =SUM(O19:X19) -> 0
A20: SP4 | D20: 2 | L20: =SUM(B20:K20) -> 2 | N20: SP4 | Y20: =SUM(O20:X20) -> 0
A21: SP5 | L21: =SUM(B21:K21) -> 0 | N21: SP5 | Y21: =SUM(O21:X21) -> 0
A22: SP6 | L22: =SUM(B22:K22) -> 0 | N22: SP6 | Y22: =SUM(O22:X22) -> 0
A23: NO1 | F23: 6 | L23: =SUM(B23:K23) -> 6 | N23: NO1 | Y23: =SUM(O23:X23) -> 0
A24: NO2 | D24: 1 | F24: 2 | L24: =SUM(B24:K24) -> 3 | N24: NO2 | Y24: =SUM(O24:X24) -> 0
A25: NO3 | D25: 2 | F25: 2 | L25: =SUM(B25:K25) -> 4 | N25: NO3 | Y25: =SUM(O25:X25) -> 0
A26: NO4 | F26: 6 | L26: =SUM(B26:K26) -> 6 | N26: NO4 | Y26: =SUM(O26:X26) -> 0
A27: NO5 | D27: 2 | L27: =SUM(B27:K27) -> 2 | N27: NO5 | Y27: =SUM(O27:X27) -> 0
A28: NO6 | F28: 6 | L28: =SUM(B28:K28) -> 6 | N28: NO6 | Y28: =SUM(O28:X28) -> 0
A29: NC1 | F29: 6 | L29: =SUM(B29:K29) -> 6 | N29: NC1 | Y29: =SUM(O29:X29) -> 0
A30: NC2 | F30: 6 | L30: =SUM(B30:K30) -> 6 | N30: NC2 | Y30: =SUM(O30:X30) -> 0
A31: NC3 | F31: 6 | L31: =SUM(B31:K31) -> 6 | N31: NC3 | Y31: =SUM(O31:X31) -> 0
A32: NC4 | F32: 4 | G32: 2 | L32: =SUM(B32:K32) -> 6 | N32: NC4 | Y32: =SUM(O32:X32) -> 0
A33: NC5 | F33: 8 | L33: =SUM(B33:K33) -> 8 | N33: NC5 | Y33: =SUM(O33:X33) -> 0
A34: NC6 | F34: 7 | L34: =SUM(B34:K34) -> 7 | N34: NC6 | Y34: =SUM(O34:X34) -> 0
A35: NP1 | F35: 8 | L35: =SUM(B35:K35) -> 8 | N35: NP1 | Y35: =SUM(O35:X35) -> 0
A36: NP2 | F36: 2 | L36: =SUM(B36:K36) -> 2 | N36: NP2 | Y36: =SUM(O36:X36) -> 0
A37: NP3 | F37: 6 | L37: =SUM(B37:K37) -> 6 | N37: NP3 | Y37: =SUM(O37:X37) -> 0
A38: NP4 | F38: 6 | L38: =SUM(B38:K38) -> 6 | N38: NP4 | Y38: =SUM(O38:X38) -> 0
A39: NP5 | F39: 2 | L39: =SUM(B39:K39) -> 2 | N39: NP5 | Y39: =SUM(O39:X39) -> 0
A40: NP6 | F40: 2 | L40: =SUM(B40:K40) -> 2 | N40: NP6 | Y40: =SUM(O40:X40) -> 0
A41: C1 | F41: 2 | L41: =SUM(B41:K41) -> 2 | N41: C1 | Y41: =SUM(O41:X41) -> 0
A42: C2N | C42: 2 | D42: 2 | L42: =SUM(B42:K42) -> 4 | N42: C2N | Y42: =SUM(O42:X42) -> 0
A43: C2 | F43: 2 | L43: =SUM(B43:K43) -> 2 | N43: C2 | Y43: =SUM(O43:X43) -> 0
A44: C3 | L44: =SUM(B44:K44) -> 0 | N44: C3 | Y44: =SUM(O44:X44) -> 0
A45: C4 | L45: =SUM(B45:K45) -> 0 | N45: C4 | Y45: =SUM(O45:X45) -> 0
A46: C5 | D46: 2 | L46: =SUM(B46:K46) -> 2 | N46: C5 | Y46: =SUM(O46:X46) -> 0
A47: C6 | L47: =SUM(B47:K47) -> 0 | N47: C6 | Y47: =SUM(O47:X47) -> 0
A48: Hatchery | C48: 2 | D48: 2 | L48: =SUM(B48:K48) -> 4 | N48: Hatchery | Y48: =SUM(O48:X48) -> 0
A49: Jaula | L49: =SUM(B49:K49) -> 0 | N49: Jaula | Y49: =SUM(O49:X49) -> 0
A50: Total | B50: =SUM(B11:B49) -> 0 | C50: =SUM(C11:C49) -> 4 | D50: =SUM(D11:D49) -> 13 | E50: =SUM(E11:E49) -> 0 | F50: =SUM(F11:F49) -> 89 | G50: =SUM(G11:G49) -> 2 | H50: =SUM(H11:H49) -> 0 | I50: =SUM(I11:I49) -> 0 | ... L50: =SUM(L11:L49) -> 108 | N50: Total | O50: =SUM(O11:O49) -> 0 | P50: =SUM(P11:P49) -> 0 | Q50: =SUM(Q11:Q49) -> 0 | R50: =SUM(R11:R49) -> 0 | S50: =SUM(S11:S49) -> 0 | T50: =SUM(T11:T49) -> 0 | U50: =SUM(U11:U49) -> 0 | V50: =SUM(V11:V49) -> 0 | ... Y50: =SUM(Y11:Y49) -> 0
A56: Dia: | N56: Dia:
B57: =B10 -> Thalassa 0.9 -1.6 | C57: =C10 -> Thalassa 1.3 - 2.0 | D57: =D10 -> 3 mm progress ex | E57: =E10 -> 4.5 mm Progress | F57: =F10 -> 6 mm Progress | G57: =G10 -> 8 mm Progress | H57: =H10 -> 8 mm Reproductor | I57: =I10 -> 0 | ... K57: =K10 -> 0 | L57: Total | O57: =B10 -> Thalassa 0.9 -1.6 | P57: =C10 -> Thalassa 1.3 - 2.0 | Q57: =D10 -> 3 mm progress ex | R57: =E10 -> 4.5 mm Progress | S57: =F10 -> 6 mm Progress | T57: =G10 -> 8 mm Progress | U57: =H10 -> 8 mm Reproductor | V57: =I10 -> 0 | ... X57: =K10 -> 0 | Y57: Total
A58: SO1 | L58: =SUM(B58:K58) -> 0 | N58: SO1 | Y58: =SUM(O58:X58) -> 0
A59: SO2 | L59: =SUM(B59:K59) -> 0 | N59: SO2 | Y59: =SUM(O59:X59) -> 0
A60: SO3 | L60: =SUM(B60:K60) -> 0 | N60: SO3 | Y60: =SUM(O60:X60) -> 0
A61: SO4 | L61: =SUM(B61:K61) -> 0 | N61: SO4 | Y61: =SUM(O61:X61) -> 0
A62: SO5 | L62: =SUM(B62:K62) -> 0 | N62: SO5 | Y62: =SUM(O62:X62) -> 0
A63: SO6 | L63: =SUM(B63:K63) -> 0 | N63: SO6 | Y63: =SUM(O63:X63) -> 0
A64: SP1 | L64: =SUM(B64:K64) -> 0 | N64: SP1 | Y64: =SUM(O64:X64) -> 0
A65: SP2 | L65: =SUM(B65:K65) -> 0 | N65: SP2 | Y65: =SUM(O65:X65) -> 0
A66: SP3 | L66: =SUM(B66:K66) -> 0 | N66: SP3 | Y66: =SUM(O66:X66) -> 0
A67: SP4 | L67: =SUM(B67:K67) -> 0 | N67: SP4 | Y67: =SUM(O67:X67) -> 0
A68: SP5 | L68: =SUM(B68:K68) -> 0 | N68: SP5 | Y68: =SUM(O68:X68) -> 0
A69: SP6 | L69: =SUM(B69:K69) -> 0 | N69: SP6 | Y69: =SUM(O69:X69) -> 0
... A96: Jaula | L96: =SUM(B96:K96) -> 0 | N96: Jaula | Y96: =SUM(O96:X96) -> 0
A97: Total | B97: =SUM(B58:B96) -> 0 | C97: =SUM(C58:C96) -> 0 | D97: =SUM(D58:D96) -> 0 | E97: =SUM(E58:E96) -> 0 | F97: =SUM(F58:F96) -> 0 | G97: =SUM(G58:G96) -> 0 | H97: =SUM(H58:H96) -> 0 | I97: =SUM(I58:I96) -> 0 | ... L97: =SUM(L58:L96) -> 0 | N97: Total | O97: =SUM(O58:O96) -> 0 | P97: =SUM(P58:P96) -> 0 | Q97: =SUM(Q58:Q96) -> 0 | R97: =SUM(R58:R96) -> 0 | S97: =SUM(S58:S96) -> 0 | T97: =SUM(T58:T96) -> 0 | U97: =SUM(U58:U96) -> 0 | V97: =SUM(V58:V96) -> 0 | ... Y97: =SUM(Y58:Y96) -> 0

Sheet 03
A1: Registro | C1: PC 01.1 | F1: Programa de Crianza
A2: Versión: | C2: 2
A3: Fecha: | C3: 44701
A4: Elaborado Por: | C4: A - Vial
A5: Modificado por: | C5: R - Gatica | F5: Retiro de Alimentación Piscinas exteriores
A6: Aprobado Por | C6: A - Vial | R6: Mes: | S6: ='01'!S6 -> Mayo | U6: Folio:
A7: Hojas: | C7: 1 de 3 | F7: Acuícola Alas S.A., Ruta 5 sur, Km 338, VII región, Parral
A9: Dia: | B9: Lunes 14 | N9: Dia: | O9: Miercoles 19
B10: Thalassa 0.9 -1.6 | C10: Thalassa 1.3 - 2.0 | D10: 3 mm progress ex | E10: 4.5 mm Progress | F10: 6 mm Progress | G10: 8 mm Progress | H10: 8 mm Reproductor | L10: Total | O10: =B10 -> Thalassa 0.9 -1.6 | P10: =C10 -> Thalassa 1.3 - 2.0 | Q10: =D10 -> 3 mm progress ex | R10: =E10 -> 4.5 mm Progress | S10: =F10 -> 6 mm Progress | T10: =G10 -> 8 mm Progress | U10: =H10 -> 8 mm Reproductor | V10: =I10 -> 0 | ... X10: =K10 -> 0 | Y10: Total
A11: SO1 | L11: =SUM(B11:K11) -> 0 | N11: SO1 | Y11: =SUM(O11:X11) -> 0
A12: SO2 | L12: =SUM(B12:K12) -> 0 | N12: SO2 | Y12: =SUM(O12:X12) -> 0
A13: SO3 | L13: =SUM(B13:K13) -> 0 | N13: SO3 | Y13: =SUM(O13:X13) -> 0
A14: SO4 | L14: =SUM(B14:K14) -> 0 | N14: SO4 | Y14: =SUM(O14:X14) -> 0
A15: SO5 | L15: =SUM(B15:K15) -> 0 | N15: SO5 | Y15: =SUM(O15:X15) -> 0
A16: SO6 | L16: =SUM(B16:K16) -> 0 | N16: SO6 | Y16: =SUM(O16:X16) -> 0
A17: SP1 | L17: =SUM(B17:K17) -> 0 | N17: SP1 | Y17: =SUM(O17:X17) -> 0
A18: SP2 | L18: =SUM(B18:K18) -> 0 | N18: SP2 | Y18: =SUM(O18:X18) -> 0
A19: SP3 | L19: =SUM(B19:K19) -> 0 | N19: SP3 | Y19: =SUM(O19:X19) -> 0
A20: SP4 | L20: =SUM(B20:K20) -> 0 | N20: SP4 | Y20: =SUM(O20:X20) -> 0
A21: SP5 | L21: =SUM(B21:K21) -> 0 | N21: SP5 | Y21: =SUM(O21:X21) -> 0
A22: SP6 | L22: =SUM(B22:K22) -> 0 | N22: SP6 | Y22: =SUM(O22:X22) -> 0
A23: NO1 | F23: 6 | G23: 2 | L23: =SUM(B23:K23) -> 8 | N23: NO1 | Y23: =SUM(O23:X23) -> 0
A24: NO2 | F24: 6 | L24: =SUM(B24:K24) -> 6 | N24: NO2 | Y24: =SUM(O24:X24) -> 0
A25: NO3 | F25: 6 | L25: =SUM(B25:K25) -> 6 | N25: NO3 | Y25: =SUM(O25:X25) -> 0
A26: NO4 | G26: 6 | L26: =SUM(B26:K26) -> 6 | N26: NO4 | Y26: =SUM(O26:X26) -> 0
A27: NO5 | F27: 3 | L27: =SUM(B27:K27) -> 3 | N27: NO5 | Y27: =SUM(O27:X27) -> 0
A28: NO6 | F28: 4 | G28: 2 | L28: =SUM(B28:K28) -> 6 | N28: NO6 | Y28: =SUM(O28:X28) -> 0
A29: NC1 | F29: 3 | G29: 3 | L29: =SUM(B29:K29) -> 6 | N29: NC1 | Y29: =SUM(O29:X29) -> 0
A30: NC2 | F30: 3 | G30: 3 | L30: =SUM(B30:K30) -> 6 | N30: NC2 | Y30: =SUM(O30:X30) -> 0
A31: NC3 | F31: 3 | G31: 3 | L31: =SUM(B31:K31) -> 6 | N31: NC3 | Y31: =SUM(O31:X31) -> 0
A32: NC4 | F32: 3 | G32: 3 | L32: =SUM(B32:K32) -> 6 | N32: NC4 | Y32: =SUM(O32:X32) -> 0
A33: NC5 | G33: 2 | L33: =SUM(B33:K33) -> 2 | N33: NC5 | Y33: =SUM(O33:X33) -> 0
A34: NC6 | G34: 2 | L34: =SUM(B34:K34) -> 2 | N34: NC6 | Y34: =SUM(O34:X34) -> 0
A35: NP1 | G35: 2 | L35: =SUM(B35:K35) -> 2 | N35: NP1 | Y35: =SUM(O35:X35) -> 0
A36: NP2 | G36: 2 | L36: =SUM(B36:K36) -> 2 | N36: NP2 | Y36: =SUM(O36:X36) -> 0
A37: NP3 | F37: 3 | G37: 3 | L37: =SUM(B37:K37) -> 6 | N37: NP3 | Y37: =SUM(O37:X37) -> 0
A38: NP4 | F38: 3 | G38: 3 | L38: =SUM(B38:K38) -> 6 | N38: NP4 | Y38: =SUM(O38:X38) -> 0
A39: NP5 | G39: 2 | L39: =SUM(B39:K39) -> 2 | N39: NP5 | Y39: =SUM(O39:X39) -> 0
A40: NP6 | G40: 2 | L40: =SUM(B40:K40) -> 2 | N40: NP6 | Y40: =SUM(O40:X40) -> 0
A41: C1 | G41: 2 | L41: =SUM(B41:K41) -> 2 | N41: C1 | Y41: =SUM(O41:X41) -> 0
A42: C2N | C42: 2 | D42: 2 | L42: =SUM(B42:K42) -> 4 | N42: C2N | Y42: =SUM(O42:X42) -> 0
A43: C2 | G43: 2 | L43: =SUM(B43:K43) -> 2 | N43: C2 | Y43: =SUM(O43:X43) -> 0
A44: C3 | L44: =SUM(B44:K44) -> 0 | N44: C3 | Y44: =SUM(O44:X44) -> 0
A45: C4 | L45: =SUM(B45:K45) -> 0 | N45: C4 | Y45: =SUM(O45:X45) -> 0
A46: C5 | D46: 2 | F46: 3 | L46: =SUM(B46:K46) -> 5 | N46: C5 | Y46: =SUM(O46:X46) -> 0
A47: C6 | F47: 3 | L47: =SUM(B47:K47) -> 3 | N47: C6 | Y47: =SUM(O47:X47) -> 0
A48: Hatchery | C48: 2 | D48: 2 | L48: =SUM(B48:K48) -> 4 | N48: Hatchery | Y48: =SUM(O48:X48) -> 0
A49: Jaula | L49: =SUM(B49:K49) -> 0 | N49: Jaula | Y49: =SUM(O49:X49) -> 0
A50: Total | B50: =SUM(B11:B49) -> 0 | C50: =SUM(C11:C49) -> 4 | D50: =SUM(D11:D49) -> 6 | E50: =SUM(E11:E49) -> 0 | F50: =SUM(F11:F49) -> 49 | G50: =SUM(G11:G49) -> 44 | H50: =SUM(H11:H49) -> 0 | I50: =SUM(I11:I49) -> 0 | ... L50: =SUM(L11:L49) -> 103 | N50: Total | O50: =SUM(O11:O49) -> 0 | P50: =SUM(P11:P49) -> 0 | Q50: =SUM(Q11:Q49) -> 0 | R50: =SUM(R11:R49) -> 0 | S50: =SUM(S11:S49) -> 0 | T50: =SUM(T11:T49) -> 0 | U50: =SUM(U11:U49) -> 0 | V50: =SUM(V11:V49) -> 0 | ... Y50: =SUM(Y11:Y49) -> 0
A56: Dia: | N56: Dia:
B57: =B10 -> Thalassa 0.9 -1.6 | C57: =C10 -> Thalassa 1.3 - 2.0 | D57: =D10 -> 3 mm progress ex | E57: =E10 -> 4.5 mm Progress | F57: =F10 -> 6 mm Progress | G57: =G10 -> 8 mm Progress | H57: =H10 -> 8 mm Reproductor | I57: =I10 -> 0 | ... K57: =K10 -> 0 | L57: Total | O57: =B10 -> Thalassa 0.9 -1.6 | P57: =C10 -> Thalassa 1.3 - 2.0 | Q57: =D10 -> 3 mm progress ex | R57: =E10 -> 4.5 mm Progress | S57: =F10 -> 6 mm Progress | T57: =G10 -> 8 mm Progress | U57: =H10 -> 8 mm Reproductor | V57: =I10 -> 0 | ... X57: =K10 -> 0 | Y57: Total
A58: SO1 | L58: =SUM(B58:K58) -> 0 | N58: SO1 | Y58: =SUM(O58:X58) -> 0
A59: SO2 | L59: =SUM(B59:K59) -> 0 | N59: SO2 | Y59: =SUM(O59:X59) -> 0
A60: SO3 | L60: =SUM(B60:K60) -> 0 | N60: SO3 | Y60: =SUM(O60:X60) -> 0
A61: SO4 | L61: =SUM(B61:K61) -> 0 | N61: SO4 | Y61: =SUM(O61:X61) -> 0
A62: SO5 | L62: =SUM(B62:K62) -> 0 | N62: SO5 | Y62: =SUM(O62:X62) -> 0
A63: SO6 | L63: =SUM(B63:K63) -> 0 | N63: SO6 | Y63: =SUM(O63:X63) -> 0
A64: SP1 | L64: =SUM(B64:K64) -> 0 | N64: SP1 | Y64: =SUM(O64:X64) -> 0
A65: SP2 | L65: =SUM(B65:K65) -> 0 | N65: SP2 | Y65: =SUM(O65:X65) -> 0
A66: SP3 | L66: =SUM(B66:K66) -> 0 | N66: SP3 | Y66: =SUM(O66:X66) -> 0
A67: SP4 | L67: =SUM(B67:K67) -> 0 | N67: SP4 | Y67: =SUM(O67:X67) -> 0
A68: SP5 | L68: =SUM(B68:K68) -> 0 | N68: SP5 | Y68: =SUM(O68:X68) -> 0
A69: SP6 | L69: =SUM(B69:K69) -> 0 | N69: SP6 | Y69: =SUM(O69:X69) -> 0
... A96: Jaula | L96: =SUM(B96:K96) -> 0 | N96: Jaula | Y96: =SUM(O96:X96) -> 0
A97: Total | B97: =SUM(B58:B96) -> 0 | C97: =SUM(C58:C96) -> 0 | D97: =SUM(D58:D96) -> 0 | E97: =SUM(E58:E96) -> 0 | F97: =SUM(F58:F96) -> 0 | G97: =SUM(G58:G96) -> 0 | H97: =SUM(H58:H96) -> 0 | I97: =SUM(I58:I96) -> 0 | ... L97: =SUM(L58:L96) -> 0 | N97: Total | O97: =SUM(O58:O96) -> 0 | P97: =SUM(P58:P96) -> 0 | Q97: =SUM(Q58:Q96) -> 0 | R97: =SUM(R58:R96) -> 0 | S97: =SUM(S58:S96) -> 0 | T97: =SUM(T58:T96) -> 0 | U97: =SUM(U58:U96) -> 0 | V97: =SUM(V58:V96) -> 0 | ... Y97: =SUM(Y58:Y96) -> 0

Sheet 04
A1: Registro | C1: PC 01.1 | F1: Programa de Crianza
A2: Versión: | C2: 2
A3: Fecha: | C3: 44701
A4: Elaborado Por: | C4: A - Vial
A5: Modificado por: | C5: R - Gatica | F5: Retiro de Alimentación Piscinas exteriores
A6: Aprobado Por | C6: A - Vial | R6: Mes: | S6: ='01'!S6 -> Mayo | U6: Folio:
A7: Hojas: | C7: 1 de 3 | F7: Acuícola Alas S.A., Ruta 5 sur, Km 338, VII región, Parral
A9: Dia: | B9: Lunes 21 | N9: Dia: | O9: Miercoles 26
B10: Thalassa 0.9 -1.6 | C10: Thalassa 1.3 - 2.0 | D10: 3 mm progress ex | E10: 4.5 mm Progress | F10: 6 mm Progress | G10: 8 mm Progress | H10: 8 mm Reproductor | L10: Total | O10: =B10 -> Thalassa 0.9 -1.6 | P10: =C10 -> Thalassa 1.3 - 2.0 | Q10: =D10 -> 3 mm progress ex | R10: =E10 -> 4.5 mm Progress | S10: =F10 -> 6 mm Progress | T10: =G10 -> 8 mm Progress | U10: =H10 -> 8 mm Reproductor | V10: =I10 -> 0 | ... X10: =K10 -> 0 | Y10: Total
A11: SO1 | L11: =SUM(B11:K11) -> 0 | N11: SO1 | Y11: =SUM(O11:X11) -> 0
A12: SO2 | L12: =SUM(B12:K12) -> 0 | N12: SO2 | Y12: =SUM(O12:X12) -> 0
A13: SO3 | L13: =SUM(B13:K13) -> 0 | N13: SO3 | Y13: =SUM(O13:X13) -> 0
A14: SO4 | L14: =SUM(B14:K14) -> 0 | N14: SO4 | Y14: =SUM(O14:X14) -> 0
A15: SO5 | L15: =SUM(B15:K15) -> 0 | N15: SO5 | Y15: =SUM(O15:X15) -> 0
A16: SO6 | L16: =SUM(B16:K16) -> 0 | N16: SO6 | Y16: =SUM(O16:X16) -> 0
A17: SP1 | L17: =SUM(B17:K17) -> 0 | N17: SP1 | Y17: =SUM(O17:X17) -> 0
A18: SP2 | L18: =SUM(B18:K18) -> 0 | N18: SP2 | Y18: =SUM(O18:X18) -> 0
A19: SP3 | L19: =SUM(B19:K19) -> 0 | N19: SP3 | Y19: =SUM(O19:X19) -> 0
A20: SP4 | E20: 4 | L20: =SUM(B20:K20) -> 4 | N20: SP4 | Y20: =SUM(O20:X20) -> 0
A21: SP5 | L21: =SUM(B21:K21) -> 0 | N21: SP5 | Y21: =SUM(O21:X21) -> 0
A22: SP6 | L22: =SUM(B22:K22) -> 0 | N22: SP6 | Y22: =SUM(O22:X22) -> 0
A23: NO1 | F23: 4 | G23: 2 | L23: =SUM(B23:K23) -> 6 | N23: NO1 | Y23: =SUM(O23:X23) -> 0
A24: NO2 | E24: 2 | F24: 4 | L24: =SUM(B24:K24) -> 6 | N24: NO2 | Y24: =SUM(O24:X24) -> 0
A25: NO3 | E25: 2 | F25: 4 | L25: =SUM(B25:K25) -> 6 | N25: NO3 | Y25: =SUM(O25:X25) -> 0
A26: NO4 | F26: 1 | G26: 6 | L26: =SUM(B26:K26) -> 7 | N26: NO4 | Y26: =SUM(O26:X26) -> 0
A27: NO5 | E27: 3 | L27: =SUM(B27:K27) -> 3 | N27: NO5 | Y27: =SUM(O27:X27) -> 0
A28: NO6 | F28: 4 | G28: 2 | L28: =SUM(B28:K28) -> 6 | N28: NO6 | Y28: =SUM(O28:X28) -> 0
A29: NC1 | F29: 3 | G29: 3 | L29: =SUM(B29:K29) -> 6 | N29: NC1 | Y29: =SUM(O29:X29) -> 0
A30: NC2 | F30: 3 | G30: 3 | L30: =SUM(B30:K30) -> 6 | N30: NC2 | Y30: =SUM(O30:X30) -> 0
A31: NC3 | F31: 3 | G31: 3 | L31: =SUM(B31:K31) -> 6 | N31: NC3 | Y31: =SUM(O31:X31) -> 0
A32: NC4 | F32: 3 | G32: 3 | L32: =SUM(B32:K32) -> 6 | N32: NC4 | Y32: =SUM(O32:X32) -> 0
A33: NC5 | G33: 2 | L33: =SUM(B33:K33) -> 2 | N33: NC5 | Y33: =SUM(O33:X33) -> 0
A34: NC6 | G34: 2 | L34: =SUM(B34:K34) -> 2 | N34: NC6 | Y34: =SUM(O34:X34) -> 0
A35: NP1 | G35: 2 | L35: =SUM(B35:K35) -> 2 | N35: NP1 | Y35: =SUM(O35:X35) -> 0
A36: NP2 | G36: 2 | L36: =SUM(B36:K36) -> 2 | N36: NP2 | Y36: =SUM(O36:X36) -> 0
A37: NP3 | F37: 3 | G37: 3 | L37: =SUM(B37:K37) -> 6 | N37: NP3 | Y37: =SUM(O37:X37) -> 0
A38: NP4 | F38: 3 | G38: 3 | L38: =SUM(B38:K38) -> 6 | N38: NP4 | Y38: =SUM(O38:X38) -> 0
A39: NP5 | G39: 2 | L39: =SUM(B39:K39) -> 2 | N39: NP5 | Y39: =SUM(O39:X39) -> 0
A40: NP6 | G40: 2 | L40: =SUM(B40:K40) -> 2 | N40: NP6 | Y40: =SUM(O40:X40) -> 0
A41: C1 | G41: 2 | L41: =SUM(B41:K41) -> 2 | N41: C1 | Y41: =SUM(O41:X41) -> 0
A42: C2N | C42: 2 | D42: 2 | L42: =SUM(B42:K42) -> 4 | N42: C2N | Y42: =SUM(O42:X42) -> 0
A43: C2 | G43: 2 | L43: =SUM(B43:K43) -> 2 | N43: C2 | Y43: =SUM(O43:X43) -> 0
A44: C3 | L44: =SUM(B44:K44) -> 0 | N44: C3 | Y44: =SUM(O44:X44) -> 0
A45: C4 | L45: =SUM(B45:K45) -> 0 | N45: C4 | Y45: =SUM(O45:X45) -> 0
A46: C5 | D46: 2 | L46: =SUM(B46:K46) -> 2 | N46: C5 | Y46: =SUM(O46:X46) -> 0
A47: C6 | L47: =SUM(B47:K47) -> 0 | N47: C6 | Y47: =SUM(O47:X47) -> 0
A48: Hatchery | C48: 2 | D48: 2 | L48: =SUM(B48:K48) -> 4 | N48: Hatchery | Y48: =SUM(O48:X48) -> 0
A49: Jaula | L49: =SUM(B49:K49) -> 0 | N49: Jaula | Y49: =SUM(O49:X49) -> 0
A50: Total | B50: =SUM(B11:B49) -> 0 | C50: =SUM(C11:C49) -> 4 | D50: =SUM(D11:D49) -> 6 | E50: =SUM(E11:E49) -> 11 | F50: =SUM(F11:F49) -> 35 | G50: =SUM(G11:G49) -> 44 | H50: =SUM(H11:H49) -> 0 | I50: =SUM(I11:I49) -> 0 | ... L50: =SUM(L11:L49) -> 100 | N50: Total | O50: =SUM(O11:O49) -> 0 | P50: =SUM(P11:P49) -> 0 | Q50: =SUM(Q11:Q49) -> 0 | R50: =SUM(R11:R49) -> 0 | S50: =SUM(S11:S49) -> 0 | T50: =SUM(T11:T49) -> 0 | U50: =SUM(U11:U49) -> 0 | V50: =SUM(V11:V49) -> 0 | ... Y50: =SUM(Y11:Y49) -> 0
A56: Dia: | N56: Dia:
B57: =B10 -> Thalassa 0.9 -1.6 | C57: =C10 -> Thalassa 1.3 - 2.0 | D57: =D10 -> 3 mm progress ex | E57: =E10 -> 4.5 mm Progress | F57: =F10 -> 6 mm Progress | G57: =G10 -> 8 mm Progress | H57: =H10 -> 8 mm Reproductor | I57: =I10 -> 0 | ... K57: =K10 -> 0 | L57: Total | O57: =B10 -> Thalassa 0.9 -1.6 | P57: =C10 -> Thalassa 1.3 - 2.0 | Q57: =D10 -> 3 mm progress ex | R57: =E10 -> 4.5 mm Progress | S57: =F10 -> 6 mm Progress | T57: =G10 -> 8 mm Progress | U57: =H10 -> 8 mm Reproductor | V57: =I10 -> 0 | ... X57: =K10 -> 0 | Y57: Total
A58: SO1 | L58: =SUM(B58:K58) -> 0 | N58: SO1 | Y58: =SUM(O58:X58) -> 0
A59: SO2 | L59: =SUM(B59:K59) -> 0 | N59: SO2 | Y59: =SUM(O59:X59) -> 0
A60: SO3 | L60: =SUM(B60:K60) -> 0 | N60: SO3 | Y60: =SUM(O60:X60) -> 0
A61: SO4 | L61: =SUM(B61:K61) -> 0 | N61: SO4 | Y61: =SUM(O61:X61) -> 0
A62: SO5 | L62: =SUM(B62:K62) -> 0 | N62: SO5 | Y62: =SUM(O62:X62) -> 0
A63: SO6 | L63: =SUM(B63:K63) -> 0 | N63: SO6 | Y63: =SUM(O63:X63) -> 0
A64: SP1 | L64: =SUM(B64:K64) -> 0 | N64: SP1 | Y64: =SUM(O64:X64) -> 0
A65: SP2 | L65: =SUM(B65:K65) -> 0 | N65: SP2 | Y65: =SUM(O65:X65) -> 0
A66: SP3 | L66: =SUM(B66:K66) -> 0 | N66: SP3 | Y66: =SUM(O66:X66) -> 0
A67: SP4 | L67: =SUM(B67:K67) -> 0 | N67: SP4 | Y67: =SUM(O67:X67) -> 0
A68: SP5 | L68: =SUM(B68:K68) -> 0 | N68: SP5 | Y68: =SUM(O68:X68) -> 0
A69: SP6 | L69: =SUM(B69:K69) -> 0 | N69: SP6 | Y69: =SUM(O69:X69) -> 0
... A96: Jaula | L96: =SUM(B96:K96) -> 0 | N96: Jaula | Y96: =SUM(O96:X96) -> 0
A97: Total | B97: =SUM(B58:B96) -> 0 | C97: =SUM(C58:C96) -> 0 | D97: =SUM(D58:D96) -> 0 | E97: =SUM(E58:E96) -> 0 | F97: =SUM(F58:F96) -> 0 | G97: =SUM(G58:G96) -> 0 | H97: =SUM(H58:H96) -> 0 | I97: =SUM(I58:I96) -> 0 | ... L97: =SUM(L58:L96) -> 0 | N97: Total | O97: =SUM(O58:O96) -> 0 | P97: =SUM(P58:P96) -> 0 | Q97: =SUM(Q58:Q96) -> 0 | R97: =SUM(R58:R96) -> 0 | S97: =SUM(S58:S96) -> 0 | T97: =SUM(T58:T96) -> 0 | U97: =SUM(U58:U96) -> 0 | V97: =SUM(V58:V96) -> 0 | ... Y97: =SUM(Y58:Y96) -> 0

Sheet 05
A1: Registro | C1: PC 01.1 | F1: Programa de Crianza
A2: Versión: | C2: 2
A3: Fecha: | C3: 44701
A4: Elaborado Por: | C4: A - Vial
A5: Modificado por: | C5: R - Gatica | F5: Retiro de Alimentación Piscinas exteriores
A6: Aprobado Por | C6: A - Vial | R6: Mes: | S6: ='01'!S6 -> Mayo | U6: Folio:
A7: Hojas: | C7: 1 de 3 | F7: Acuícola Alas S.A., Ruta 5 sur, Km 338, VII región, Parral
A9: Dia: | B9: Lunes 28 | N9: Dia:
B10: Thalassa 0.9 -1.6 | C10: Thalassa 1.3 - 2.0 | D10: 3 mm progress ex | E10: 4.5 mm Progress | F10: 6 mm Progress | G10: 8 mm Progress | H10: 8 mm Reproductor | L10: Total | O10: =B10 -> Thalassa 0.9 -1.6 | P10: =C10 -> Thalassa 1.3 - 2.0 | Q10: =D10 -> 3 mm progress ex | R10: =E10 -> 4.5 mm Progress | S10: =F10 -> 6 mm Progress | T10: =G10 -> 8 mm Progress | U10: =H10 -> 8 mm Reproductor | V10: =I10 -> 0 | ... X10: =K10 -> 0 | Y10: Total
A11: SO1 | L11: =SUM(B11:K11) -> 0 | N11: SO1 | Y11: =SUM(O11:X11) -> 0
A12: SO2 | L12: =SUM(B12:K12) -> 0 | N12: SO2 | Y12: =SUM(O12:X12) -> 0
A13: SO3 | L13: =SUM(B13:K13) -> 0 | N13: SO3 | Y13: =SUM(O13:X13) -> 0
A14: SO4 | L14: =SUM(B14:K14) -> 0 | N14: SO4 | Y14: =SUM(O14:X14) -> 0
A15: SO5 | L15: =SUM(B15:K15) -> 0 | N15: SO5 | Y15: =SUM(O15:X15) -> 0
A16: SO6 | L16: =SUM(B16:K16) -> 0 | N16: SO6 | Y16: =SUM(O16:X16) -> 0
A17: SP1 | L17: =SUM(B17:K17) -> 0 | N17: SP1 | Y17: =SUM(O17:X17) -> 0
A18: SP2 | L18: =SUM(B18:K18) -> 0 | N18: SP2 | Y18: =SUM(O18:X18) -> 0
A19: SP3 | L19: =SUM(B19:K19) -> 0 | N19: SP3 | Y19: =SUM(O19:X19) -> 0
A20: SP4 | D20: 4 | L20: =SUM(B20:K20) -> 4 | N20: SP4 | Y20: =SUM(O20:X20) -> 0
A21: SP5 | L21: =SUM(B21:K21) -> 0 | N21: SP5 | Y21: =SUM(O21:X21) -> 0
A22: SP6 | L22: =SUM(B22:K22) -> 0 | N22: SP6 | Y22: =SUM(O22:X22) -> 0
A23: NO1 | F23: 4 | G23: 2 | L23: =SUM(B23:K23) -> 6 | N23: NO1 | Y23: =SUM(O23:X23) -> 0
A24: NO2 | D24: 2 | F24: 4 | L24: =SUM(B24:K24) -> 6 | N24: NO2 | Y24: =SUM(O24:X24) -> 0
A25: NO3 | D25: 2 | F25: 4 | L25: =SUM(B25:K25) -> 6 | N25: NO3 | Y25: =SUM(O25:X25) -> 0
A26: NO4 | F26: 1 | G26: 6 | L26: =SUM(B26:K26) -> 7 | N26: NO4 | Y26: =SUM(O26:X26) -> 0
A27: NO5 | D27: 3 | L27: =SUM(B27:K27) -> 3 | N27: NO5 | Y27: =SUM(O27:X27) -> 0
A28: NO6 | F28: 2 | G28: 2 | L28: =SUM(B28:K28) -> 4 | N28: NO6 | Y28: =SUM(O28:X28) -> 0
A29: NC1 | F29: 3 | G29: 3 | L29: =SUM(B29:K29) -> 6 | N29: NC1 | Y29: =SUM(O29:X29) -> 0
A30: NC2 | F30: 3 | G30: 3 | L30: =SUM(B30:K30) -> 6 | N30: NC2 | Y30: =SUM(O30:X30) -> 0
A31: NC3 | F31: 3 | G31: 3 | L31: =SUM(B31:K31) -> 6 | N31: NC3 | Y31: =SUM(O31:X31) -> 0
A32: NC4 | F32: 3 | G32: 3 | L32: =SUM(B32:K32) -> 6 | N32: NC4 | Y32: =SUM(O32:X32) -> 0
A33: NC5 | G33: 2 | H33: 6 | L33: =SUM(B33:K33) -> 8 | N33: NC5 | Y33: =SUM(O33:X33) -> 0
A34: NC6 | G34: 2 | H34: 6 | L34: =SUM(B34:K34) -> 8 | N34: NC6 | Y34: =SUM(O34:X34) -> 0
A35: NP1 | G35: 2 | H35: 6 | L35: =SUM(B35:K35) -> 8 | N35: NP1 | Y35: =SUM(O35:X35) -> 0
A36: NP2 | G36: 2 | H36: 6 | L36: =SUM(B36:K36) -> 8 | N36: NP2 | Y36: =SUM(O36:X36) -> 0
A37: NP3 | F37: 3 | G37: 3 | L37: =SUM(B37:K37) -> 6 | N37: NP3 | Y37: =SUM(O37:X37) -> 0
A38: NP4 | F38: 3 | G38: 3 | L38: =SUM(B38:K38) -> 6 | N38: NP4 | Y38: =SUM(O38:X38) -> 0
A39: NP5 | G39: 2 | H39: 6 | L39: =SUM(B39:K39) -> 8 | N39: NP5 | Y39: =SUM(O39:X39) -> 0
A40: NP6 | G40: 2 | H40: 6 | L40: =SUM(B40:K40) -> 8 | N40: NP6 | Y40: =SUM(O40:X40) -> 0
A41: C1 | G41: 2 | L41: =SUM(B41:K41) -> 2 | N41: C1 | Y41: =SUM(O41:X41) -> 0
A42: C2N | C42: 2 | D42: 2 | L42: =SUM(B42:K42) -> 4 | N42: C2N | Y42: =SUM(O42:X42) -> 0
A43: C2 | G43: 2 | L43: =SUM(B43:K43) -> 2 | N43: C2 | Y43: =SUM(O43:X43) -> 0
A44: C3 | H44: 3 | L44: =SUM(B44:K44) -> 3 | N44: C3 | Y44: =SUM(O44:X44) -> 0
A45: C4 | L45: =SUM(B45:K45) -> 0 | N45: C4 | Y45: =SUM(O45:X45) -> 0
A46: C5 | D46: 2 | H46: 2 | L46: =SUM(B46:K46) -> 4 | N46: C5 | Y46: =SUM(O46:X46) -> 0
A47: C6 | L47: =SUM(B47:K47) -> 0 | N47: C6 | Y47: =SUM(O47:X47) -> 0
A48: Hatchery | C48: 2 | D48: 2 | L48: =SUM(B48:K48) -> 4 | N48: Hatchery | Y48: =SUM(O48:X48) -> 0
A49: Jaula | L49: =SUM(B49:K49) -> 0 | N49: Jaula | Y49: =SUM(O49:X49) -> 0
A50: Total | B50: =SUM(B11:B49) -> 0 | C50: =SUM(C11:C49) -> 4 | D50: =SUM(D11:D49) -> 17 | E50: =SUM(E11:E49) -> 0 | F50: =SUM(F11:F49) -> 33 | G50: =SUM(G11:G49) -> 44 | H50: =SUM(H11:H49) -> 41 | I50: =SUM(I11:I49) -> 0 | ... L50: =SUM(L11:L49) -> 139 | N50: Total | O50: =SUM(O11:O49) -> 0 | P50: =SUM(P11:P49) -> 0 | Q50: =SUM(Q11:Q49) -> 0 | R50: =SUM(R11:R49) -> 0 | S50: =SUM(S11:S49) -> 0 | T50: =SUM(T11:T49) -> 0 | U50: =SUM(U11:U49) -> 0 | V50: =SUM(V11:V49) -> 0 | ... Y50: =SUM(Y11:Y49) -> 0
A56: Dia: | N56: Dia:
B57: =B10 -> Thalassa 0.9 -1.6 | C57: =C10 -> Thalassa 1.3 - 2.0 | D57: =D10 -> 3 mm progress ex | E57: =E10 -> 4.5 mm Progress | F57: =F10 -> 6 mm Progress | G57: =G10 -> 8 mm Progress | H57: =H10 -> 8 mm Reproductor | I57: =I10 -> 0 | ... K57: =K10 -> 0 | L57: Total | O57: =B10 -> Thalassa 0.9 -1.6 | P57: =C10 -> Thalassa 1.3 - 2.0 | Q57: =D10 -> 3 mm progress ex | R57: =E10 -> 4.5 mm Progress | S57: =F10 -> 6 mm Progress | T57: =G10 -> 8 mm Progress | U57: =H10 -> 8 mm Reproductor | V57: =I10 -> 0 | ... X57: =K10 -> 0 | Y57: Total
A58: SO1 | L58: =SUM(B58:K58) -> 0 | N58: SO1 | Y58: =SUM(O58:X58) -> 0
A59: SO2 | L59: =SUM(B59:K59) -> 0 | N59: SO2 | Y59: =SUM(O59:X59) -> 0
A60: SO3 | L60: =SUM(B60:K60) -> 0 | N60: SO3 | Y60: =SUM(O60:X60) -> 0
A61: SO4 | L61: =SUM(B61:K61) -> 0 | N61: SO4 | Y61: =SUM(O61:X61) -> 0
A62: SO5 | L62: =SUM(B62:K62) -> 0 | N62: SO5 | Y62: =SUM(O62:X62) -> 0
A63: SO6 | L63: =SUM(B63:K63) -> 0 | N63: SO6 | Y63: =SUM(O63:X63) -> 0
A64: SP1 | L64: =SUM(B64:K64) -> 0 | N64: SP1 | Y64: =SUM(O64:X64) -> 0
A65: SP2 | L65: =SUM(B65:K65) -> 0 | N65: SP2 | Y65: =SUM(O65:X65) -> 0
A66: SP3 | L66: =SUM(B66:K66) -> 0 | N66: SP3 | Y66: =SUM(O66:X66) -> 0
A67: SP4 | L67: =SUM(B67:K67) -> 0 | N67: SP4 | Y67: =SUM(O67:X67) -> 0
A68: SP5 | L68: =SUM(B68:K68) -> 0 | N68: SP5 | Y68: =SUM(O68:X68) -> 0
A69: SP6 | L69: =SUM(B69:K69) -> 0 | N69: SP6 | Y69: =SUM(O69:X69) -> 0
... A96: Jaula | L96: =SUM(B96:K96) -> 0 | N96: Jaula | Y96: =SUM(O96:X96) -> 0
A97: Total | B97: =SUM(B58:B96) -> 0 | C97: =SUM(C58:C96) -> 0 | D97: =SUM(D58:D96) -> 0 | E97: =SUM(E58:E96) -> 0 | F97: =SUM(F58:F96) -> 0 | G97: =SUM(G58:G96) -> 0 | H97: =SUM(H58:H96) -> 0 | I97: =SUM(I58:I96) -> 0 | ... L97: =SUM(L58:L96) -> 0 | N97: Total | O97: =SUM(O58:O96) -> 0 | P97: =SUM(P58:P96) -> 0 | Q97: =SUM(Q58:Q96) -> 0 | R97: =SUM(R58:R96) -> 0 | S97: =SUM(S58:S96) -> 0 | T97: =SUM(T58:T96) -> 0 | U97: =SUM(U58:U96) -> 0 | V97: =SUM(V58:V96) -> 0 | ... Y97: =SUM(Y58:Y96) -> 0

Sheet 06
A1: Registro | C1: PC 01.1 | F1: Programa de Crianza
A2: Versión: | C2: 2
A3: Fecha: | C3: 44701
A4: Elaborado Por: | C4: A - Vial
A5: Modificado por: | C5: R - Gatica | F5: Retiro de Alimentación Piscinas exteriores
A6: Aprobado Por | C6: A - Vial | R6: Mes: | S6: ='01'!S6 -> Mayo | U6: Folio:
A7: Hojas: | C7: 1 de 3 | F7: Acuícola Alas S.A., Ruta 5 sur, Km 338, VII región, Parral
A9: Dia: | N9: Dia:
B10: Thalassa 0.9 -1.6 | C10: Thalassa 1.3 - 2.0 | D10: 3 mm progress ex | E10: 4.5 mm Progress | F10: 6 mm Progress | G10: 8 mm Progress | H10: 8 mm Reproductor | L10: Total | O10: =B10 -> Thalassa 0.9 -1.6 | P10: =C10 -> Thalassa 1.3 - 2.0 | Q10: =D10 -> 3 mm progress ex | R10: =E10 -> 4.5 mm Progress | S10: =F10 -> 6 mm Progress | T10: =G10 -> 8 mm Progress | U10: =H10 -> 8 mm Reproductor | V10: =I10 -> 0 | ... X10: =K10 -> 0 | Y10: Total
A11: SO1 | L11: =SUM(B11:K11) -> 0 | N11: SO1 | Y11: =SUM(O11:X11) -> 0
A12: SO2 | L12: =SUM(B12:K12) -> 0 | N12: SO2 | Y12: =SUM(O12:X12) -> 0
A13: SO3 | L13: =SUM(B13:K13) -> 0 | N13: SO3 | Y13: =SUM(O13:X13) -> 0
A14: SO4 | L14: =SUM(B14:K14) -> 0 | N14: SO4 | Y14: =SUM(O14:X14) -> 0
A15: SO5 | L15: =SUM(B15:K15) -> 0 | N15: SO5 | Y15: =SUM(O15:X15) -> 0
A16: SO6 | L16: =SUM(B16:K16) -> 0 | N16: SO6 | Y16: =SUM(O16:X16) -> 0
A17: SP1 | L17: =SUM(B17:K17) -> 0 | N17: SP1 | Y17: =SUM(O17:X17) -> 0
A18: SP2 | L18: =SUM(B18:K18) -> 0 | N18: SP2 | Y18: =SUM(O18:X18) -> 0
A19: SP3 | L19: =SUM(B19:K19) -> 0 | N19: SP3 | Y19: =SUM(O19:X19) -> 0
A20: SP4 | L20: =SUM(B20:K20) -> 0 | N20: SP4 | Y20: =SUM(O20:X20) -> 0
A21: SP5 | L21: =SUM(B21:K21) -> 0 | N21: SP5 | Y21: =SUM(O21:X21) -> 0
A22: SP6 | L22: =SUM(B22:K22) -> 0 | N22: SP6 | Y22: =SUM(O22:X22) -> 0
... A49: Jaula | L49: =SUM(B49:K49) -> 0 | N49: Jaula | Y49: =SUM(O49:X49) -> 0
A50: Total | B50: =SUM(B11:B49) -> 0 | C50: =SUM(C11:C49) -> 0 | D50: =SUM(D11:D49) -> 0 | E50: =SUM(E11:E49) -> 0 | F50: =SUM(F11:F49) -> 0 | G50: =SUM(G11:G49) -> 0 | H50: =SUM(H11:H49) -> 0 | I50: =SUM(I11:I49) -> 0 | ... L50: =SUM(L11:L49) -> 0 | N50: Total | O50: =SUM(O11:O49) -> 0 | P50: =SUM(P11:P49) -> 0 | Q50: =SUM(Q11:Q49) -> 0 | R50: =SUM(R11:R49) -> 0 | S50: =SUM(S11:S49) -> 0 | T50: =SUM(T11:T49) -> 0 | U50: =SUM(U11:U49) -> 0 | V50: =SUM(V11:V49) -> 0 | ... Y50: =SUM(Y11:Y49) -> 0
A56: Dia: | N56: Dia:
B57: =B10 -> Thalassa 0.9 -1.6 | C57: =C10 -> Thalassa 1.3 - 2.0 | D57: =D10 -> 3 mm progress ex | E57: =E10 -> 4.5 mm Progress | F57: =F10 -> 6 mm Progress | G57: =G10 -> 8 mm Progress | H57: =H10 -> 8 mm Reproductor | I57: =I10 -> 0 | ... K57: =K10 -> 0 | L57: Total | O57: =B10 -> Thalassa 0.9 -1.6 | P57: =C10 -> Thalassa 1.3 - 2.0 | Q57: =D10 -> 3 mm progress ex | R57: =E10 -> 4.5 mm Progress | S57: =F10 -> 6 mm Progress | T57: =G10 -> 8 mm Progress | U57: =H10 -> 8 mm Reproductor | V57: =I10 -> 0 | ... X57: =K10 -> 0 | Y57: Total
A58: SO1 | L58: =SUM(B58:K58) -> 0 | N58: SO1 | Y58: =SUM(O58:X58) -> 0
A59: SO2 | L59: =SUM(B59:K59) -> 0 | N59: SO2 | Y59: =SUM(O59:X59) -> 0
A60: SO3 | L60: =SUM(B60:K60) -> 0 | N60: SO3 | Y60: =SUM(O60:X60) -> 0
A61: SO4 | L61: =SUM(B61:K61) -> 0 | N61: SO4 | Y61: =SUM(O61:X61) -> 0
A62: SO5 | L62: =SUM(B62:K62) -> 0 | N62: SO5 | Y62: =SUM(O62:X62) -> 0
A63: SO6 | L63: =SUM(B63:K63) -> 0 | N63: SO6 | Y63: =SUM(O63:X63) -> 0
A64: SP1 | L64: =SUM(B64:K64) -> 0 | N64: SP1 | Y64: =SUM(O64:X64) -> 0
A65: SP2 | L65: =SUM(B65:K65) -> 0 | N65: SP2 | Y65: =SUM(O65:X65) -> 0
A66: SP3 | L66: =SUM(B66:K66) -> 0 | N66: SP3 | Y66: =SUM(O66:X66) -> 0
A67: SP4 | L67: =SUM(B67:K67) -> 0 | N67: SP4 | Y67: =SUM(O67:X67) -> 0
A68: SP5 | L68: =SUM(B68:K68) -> 0 | N68: SP5 | Y68: =SUM(O68:X68) -> 0
A69: SP6 | L69: =SUM(B69:K69) -> 0 | N69: SP6 | Y69: =SUM(O69:X69) -> 0
... A96: Jaula | L96: =SUM(B96:K96) -> 0 | N96: Jaula | Y96: =SUM(O96:X96) -> 0
A97: Total | B97: =SUM(B58:B96) -> 0 | C97: =SUM(C58:C96) -> 0 | D97: =SUM(D58:D96) -> 0 | E97: =SUM(E58:E96) -> 0 | F97: =SUM(F58:F96) -> 0 | G97: =SUM(G58:G96) -> 0 | H97: =SUM(H58:H96) -> 0 | I97: =SUM(I58:I96) -> 0 | ... L97: =SUM(L58:L96) -> 0 | N97: Total | O97: =SUM(O58:O96) -> 0 | P97: =SUM(P58:P96) -> 0 | Q97: =SUM(Q58:Q96) -> 0 | R97: =SUM(R58:R96) -> 0 | S97: =SUM(S58:S96) -> 0 | T97: =SUM(T58:T96) -> 0 | U97: =SUM(U58:U96) -> 0 | V97: =SUM(V58:V96) -> 0 | ... Y97: =SUM(Y58:Y96) -> 0

Sheet 07
A1: Registro | C1: PC 01.1 | F1: Programa de Crianza
A2: Versión: | C2: 2
A3: Fecha: | C3: 44701
A4: Elaborado Por: | C4: A - Vial
A5: Modificado por: | C5: R - Gatica | F5: Retiro de Alimentación Piscinas exteriores
A6: Aprobado Por | C6: A - Vial | R6: Mes: | S6: ='01'!S6 -> Mayo | U6: Folio:
A7: Hojas: | C7: 1 de 3 | F7: Acuícola Alas S.A., Ruta 5 sur, Km 338, VII región, Parral
A9: Dia: | N9: Dia:
B10: Thalassa 0.9 -1.6 | C10: Thalassa 1.3 - 2.0 | D10: 3 mm progress ex | E10: 4.5 mm Progress | F10: 6 mm Progress | G10: 8 mm Progress | H10: 8 mm Reproductor | L10: Total | O10: =B10 -> Thalassa 0.9 -1.6 | P10: =C10 -> Thalassa 1.3 - 2.0 | Q10: =D10 -> 3 mm progress ex | R10: =E10 -> 4.5 mm Progress | S10: =F10 -> 6 mm Progress | T10: =G10 -> 8 mm Progress | U10: =H10 -> 8 mm Reproductor | V10: =I10 -> 0 | ... X10: =K10 -> 0 | Y10: Total
A11: SO1 | L11: =SUM(B11:K11) -> 0 | N11: SO1 | Y11: =SUM(O11:X11) -> 0
A12: SO2 | L12: =SUM(B12:K12) -> 0 | N12: SO2 | Y12: =SUM(O12:X12) -> 0
A13: SO3 | L13: =SUM(B13:K13) -> 0 | N13: SO3 | Y13: =SUM(O13:X13) -> 0
A14: SO4 | L14: =SUM(B14:K14) -> 0 | N14: SO4 | Y14: =SUM(O14:X14) -> 0
A15: SO5 | L15: =SUM(B15:K15) -> 0 | N15: SO5 | Y15: =SUM(O15:X15) -> 0
A16: SO6 | L16: =SUM(B16:K16) -> 0 | N16: SO6 | Y16: =SUM(O16:X16) -> 0
A17: SP1 | L17: =SUM(B17:K17) -> 0 | N17: SP1 | Y17: =SUM(O17:X17) -> 0
A18: SP2 | L18: =SUM(B18:K18) -> 0 | N18: SP2 | Y18: =SUM(O18:X18) -> 0
A19: SP3 | L19: =SUM(B19:K19) -> 0 | N19: SP3 | Y19: =SUM(O19:X19) -> 0
A20: SP4 | L20: =SUM(B20:K20) -> 0 | N20: SP4 | Y20: =SUM(O20:X20) -> 0
A21: SP5 | L21: =SUM(B21:K21) -> 0 | N21: SP5 | Y21: =SUM(O21:X21) -> 0
A22: SP6 | L22: =SUM(B22:K22) -> 0 | N22: SP6 | Y22: =SUM(O22:X22) -> 0
... A49: Jaula | L49: =SUM(B49:K49) -> 0 | N49: Jaula | Y49: =SUM(O49:X49) -> 0
A50: Total | B50: =SUM(B11:B49) -> 0 | C50: =SUM(C11:C49) -> 0 | D50: =SUM(D11:D49) -> 0 | E50: =SUM(E11:E49) -> 0 | F50: =SUM(F11:F49) -> 0 | G50: =SUM(G11:G49) -> 0 | H50: =SUM(H11:H49) -> 0 | I50: =SUM(I11:I49) -> 0 | ... L50: =SUM(L11:L49) -> 0 | N50: Total | O50: =SUM(O11:O49) -> 0 | P50: =SUM(P11:P49) -> 0 | Q50: =SUM(Q11:Q49) -> 0 | R50: =SUM(R11:R49) -> 0 | S50: =SUM(S11:S49) -> 0 | T50: =SUM(T11:T49) -> 0 | U50: =SUM(U11:U49) -> 0 | V50: =SUM(V11:V49) -> 0 | ... Y50: =SUM(Y11:Y49) -> 0
A56: Dia: | N56: Dia:
B57: =B10 -> Thalassa 0.9 -1.6 | C57: =C10 -> Thalassa 1.3 - 2.0 | D57: =D10 -> 3 mm progress ex | E57: =E10 -> 4.5 mm Progress | F57: =F10 -> 6 mm Progress | G57: =G10 -> 8 mm Progress | H57: =H10 -> 8 mm Reproductor | I57: =I10 -> 0 | ... K57: =K10 -> 0 | L57: Total | O57: =B10 -> Thalassa 0.9 -1.6 | P57: =C10 -> Thalassa 1.3 - 2.0 | Q57: =D10 -> 3 mm progress ex | R57: =E10 -> 4.5 mm Progress | S57: =F10 -> 6 mm Progress | T57: =G10 -> 8 mm Progress | U57: =H10 -> 8 mm Reproductor | V57: =I10 -> 0 | ... X57: =K10 -> 0 | Y57: Total
A58: SO1 | L58: =SUM(B58:K58) -> 0 | N58: SO1 | Y58: =SUM(O58:X58) -> 0
A59: SO2 | L59: =SUM(B59:K59) -> 0 | N59: SO2 | Y59: =SUM(O59:X59) -> 0
A60: SO3 | L60: =SUM(B60:K60) -> 0 | N60: SO3 | Y60: =SUM(O60:X60) -> 0
A61: SO4 | L61: =SUM(B61:K61) -> 0 | N61: SO4 | Y61: =SUM(O61:X61) -> 0
A62: SO5 | L62: =SUM(B62:K62) -> 0 | N62: SO5 | Y62: =SUM(O62:X62) -> 0
A63: SO6 | L63: =SUM(B63:K63) -> 0 | N63: SO6 | Y63: =SUM(O63:X63) -> 0
A64: SP1 | L64: =SUM(B64:K64) -> 0 | N64: SP1 | Y64: =SUM(O64:X64) -> 0
A65: SP2 | L65: =SUM(B65:K65) -> 0 | N65: SP2 | Y65: =SUM(O65:X65) -> 0
A66: SP3 | L66: =SUM(B66:K66) -> 0 | N66: SP3 | Y66: =SUM(O66:X66) -> 0
A67: SP4 | L67: =SUM(B67:K67) -> 0 | N67: SP4 | Y67: =SUM(O67:X67) -> 0
A68: SP5 | L68: =SUM(B68:K68) -> 0 | N68: SP5 | Y68: =SUM(O68:X68) -> 0
A69: SP6 | L69: =SUM(B69:K69) -> 0 | N69: SP6 | Y69: =SUM(O69:X69) -> 0
... A96: Jaula | L96: =SUM(B96:K96) -> 0 | N96: Jaula | Y96: =SUM(O96:X96) -> 0
A97: Total | B97: =SUM(B58:B96) -> 0 | C97: =SUM(C58:C96) -> 0 | D97: =SUM(D58:D96) -> 0 | E97: =SUM(E58:E96) -> 0 | F97: =SUM(F58:F96) -> 0 | G97: =SUM(G58:G96) -> 0 | H97: =SUM(H58:H96) -> 0 | I97: =SUM(I58:I96) -> 0 | ... L97: =SUM(L58:L96) -> 0 | N97: Total | O97: =SUM(O58:O96) -> 0 | P97: =SUM(P58:P96) -> 0 | Q97: =SUM(Q58:Q96) -> 0 | R97: =SUM(R58:R96) -> 0 | S97: =SUM(S58:S96) -> 0 | T97: =SUM(T58:T96) -> 0 | U97: =SUM(U58:U96) -> 0 | V97: =SUM(V58:V96) -> 0 | ... Y97: =SUM(Y58:Y96) -> 0

Sheet 08
A1: Registro | C1: PC 01.1 | F1: Programa de Crianza
A2: Versión: | C2: 2
A3: Fecha: | C3: 44701
A4: Elaborado Por: | C4: A - Vial
A5: Modificado por: | C5: R - Gatica | F5: Retiro de Alimentación Piscinas exteriores
A6: Aprobado Por | C6: A - Vial | R6: Mes: | S6: ='01'!S6 -> Mayo | U6: Folio:
A7: Hojas: | C7: 1 de 3 | F7: Acuícola Alas S.A., Ruta 5 sur, Km 338, VII región, Parral
A9: Dia: | N9: Dia:
B10: Thalassa 0.9 -1.6 | C10: Thalassa 1.3 - 2.0 | D10: 3 mm progress ex | E10: 4.5 mm Progress | F10: 6 mm Progress | G10: 8 mm Progress | H10: 8 mm Reproductor | L10: Total | O10: =B10 -> Thalassa 0.9 -1.6 | P10: =C10 -> Thalassa 1.3 - 2.0 | Q10: =D10 -> 3 mm progress ex | R10: =E10 -> 4.5 mm Progress | S10: =F10 -> 6 mm Progress | T10: =G10 -> 8 mm Progress | U10: =H10 -> 8 mm Reproductor | V10: =I10 -> 0 | ... X10: =K10 -> 0 | Y10: Total
A11: SO1 | L11: =SUM(B11:K11) -> 0 | N11: SO1 | Y11: =SUM(O11:X11) -> 0
A12: SO2 | L12: =SUM(B12:K12) -> 0 | N12: SO2 | Y12: =SUM(O12:X12) -> 0
A13: SO3 | L13: =SUM(B13:K13) -> 0 | N13: SO3 | Y13: =SUM(O13:X13) -> 0
A14: SO4 | L14: =SUM(B14:K14) -> 0 | N14: SO4 | Y14: =SUM(O14:X14) -> 0
A15: SO5 | L15: =SUM(B15:K15) -> 0 | N15: SO5 | Y15: =SUM(O15:X15) -> 0
A16: SO6 | L16: =SUM(B16:K16) -> 0 | N16: SO6 | Y16: =SUM(O16:X16) -> 0
A17: SP1 | L17: =SUM(B17:K17) -> 0 | N17: SP1 | Y17: =SUM(O17:X17) -> 0
A18: SP2 | L18: =SUM(B18:K18) -> 0 | N18: SP2 | Y18: =SUM(O18:X18) -> 0
A19: SP3 | L19: =SUM(B19:K19) -> 0 | N19: SP3 | Y19: =SUM(O19:X19) -> 0
A20: SP4 | L20: =SUM(B20:K20) -> 0 | N20: SP4 | Y20: =SUM(O20:X20) -> 0
A21: SP5 | L21: =SUM(B21:K21) -> 0 | N21: SP5 | Y21: =SUM(O21:X21) -> 0
A22: SP6 | L22: =SUM(B22:K22) -> 0 | N22: SP6 | Y22: =SUM(O22:X22) -> 0
... A49: Jaula | L49: =SUM(B49:K49) -> 0 | N49: Jaula | Y49: =SUM(O49:X49) -> 0
A50: Total | B50: =SUM(B11:B49) -> 0 | C50: =SUM(C11:C49) -> 0 | D50: =SUM(D11:D49) -> 0 | E50: =SUM(E11:E49) -> 0 | F50: =SUM(F11:F49) -> 0 | G50: =SUM(G11:G49) -> 0 | H50: =SUM(H11:H49) -> 0 | I50: =SUM(I11:I49) -> 0 | ... L50: =SUM(L11:L49) -> 0 | N50: Total | O50: =SUM(O11:O49) -> 0 | P50: =SUM(P11:P49) -> 0 | Q50: =SUM(Q11:Q49) -> 0 | R50: =SUM(R11:R49) -> 0 | S50: =SUM(S11:S49) -> 0 | T50: =SUM(T11:T49) -> 0 | U50: =SUM(U11:U49) -> 0 | V50: =SUM(V11:V49) -> 0 | ... Y50: =SUM(Y11:Y49) -> 0
A56: Dia: | N56: Dia:
B57: =B10 -> Thalassa 0.9 -1.6 | C57: =C10 -> Thalassa 1.3 - 2.0 | D57: =D10 -> 3 mm progress ex | E57: =E10 -> 4.5 mm Progress | F57: =F10 -> 6 mm Progress | G57: =G10 -> 8 mm Progress | H57: =H10 -> 8 mm Reproductor | I57: =I10 -> 0 | ... K57: =K10 -> 0 | L57: Total | O57: =B10 -> Thalassa 0.9 -1.6 | P57: =C10 -> Thalassa 1.3 - 2.0 | Q57: =D10 -> 3 mm progress ex | R57: =E10 -> 4.5 mm Progress | S57: =F10 -> 6 mm Progress | T57: =G10 -> 8 mm Progress | U57: =H10 -> 8 mm Reproductor | V57: =I10 -> 0 | ... X57: =K10 -> 0 | Y57: Total
A58: SO1 | L58: =SUM(B58:K58) -> 0 | N58: SO1 | Y58: =SUM(O58:X58) -> 0
A59: SO2 | L59: =SUM(B59:K59) -> 0 | N59: SO2 | Y59: =SUM(O59:X59) -> 0
A60: SO3 | L60: =SUM(B60:K60) -> 0 | N60: SO3 | Y60: =SUM(O60:X60) -> 0
A61: SO4 | L61: =SUM(B61:K61) -> 0 | N61: SO4 | Y61: =SUM(O61:X61) -> 0
A62: SO5 | L62: =SUM(B62:K62) -> 0 | N62: SO5 | Y62: =SUM(O62:X62) -> 0
A63: SO6 | L63: =SUM(B63:K63) -> 0 | N63: SO6 | Y63: =SUM(O63:X63) -> 0
A64: SP1 | L64: =SUM(B64:K64) -> 0 | N64: SP1 | Y64: =SUM(O64:X64) -> 0
A65: SP2 | L65: =SUM(B65:K65) -> 0 | N65: SP2 | Y65: =SUM(O65:X65) -> 0
A66: SP3 | L66: =SUM(B66:K66) -> 0 | N66: SP3 | Y66: =SUM(O66:X66) -> 0
A67: SP4 | L67: =SUM(B67:K67) -> 0 | N67: SP4 | Y67: =SUM(O67:X67) -> 0
A68: SP5 | L68: =SUM(B68:K68) -> 0 | N68: SP5 | Y68: =SUM(O68:X68) -> 0
A69: SP6 | L69: =SUM(B69:K69) -> 0 | N69: SP6 | Y69: =SUM(O69:X69) -> 0
... A96: Jaula | L96: =SUM(B96:K96) -> 0 | N96: Jaula | Y96: =SUM(O96:X96) -> 0
A97: Total | B97: =SUM(B58:B96) -> 0 | C97: =SUM(C58:C96) -> 0 | D97: =SUM(D58:D96) -> 0 | E97: =SUM(E58:E96) -> 0 | F97: =SUM(F58:F96) -> 0 | G97: =SUM(G58:G96) -> 0 | H97: =SUM(H58:H96) -> 0 | I97: =SUM(I58:I96) -> 0 | ... L97: =SUM(L58:L96) -> 0 | N97: Total | O97: =SUM(O58:O96) -> 0 | P97: =SUM(P58:P96) -> 0 | Q97: =SUM(Q58:Q96) -> 0 | R97: =SUM(R58:R96) -> 0 | S97: =SUM(S58:S96) -> 0 | T97: =SUM(T58:T96) -> 0 | U97: =SUM(U58:U96) -> 0 | V97: =SUM(V58:V96) -> 0 | ... Y97: =SUM(Y58:Y96) -> 0

Sheet 09
A1: Registro | C1: PC 01.1 | F1: Programa de Crianza
A2: Versión: | C2: 2
A3: Fecha: | C3: 44701
A4: Elaborado Por: | C4: A - Vial
A5: Modificado por: | C5: R - Gatica | F5: Retiro de Alimentación Piscinas exteriores
A6: Aprobado Por | C6: A - Vial | R6: Mes: | S6: ='01'!S6 -> Mayo | U6: Folio:
A7: Hojas: | C7: 1 de 3 | F7: Acuícola Alas S.A., Ruta 5 sur, Km 338, VII región, Parral
A9: Dia: | N9: Dia:
B10: Thalassa 0.9 -1.6 | C10: Thalassa 1.3 - 2.0 | D10: 3 mm progress ex | E10: 4.5 mm Progress | F10: 6 mm Progress | G10: 8 mm Progress | H10: 8 mm Reproductor | L10: Total | O10: =B10 -> Thalassa 0.9 -1.6 | P10: =C10 -> Thalassa 1.3 - 2.0 | Q10: =D10 -> 3 mm progress ex | R10: =E10 -> 4.5 mm Progress | S10: =F10 -> 6 mm Progress | T10: =G10 -> 8 mm Progress | U10: =H10 -> 8 mm Reproductor | V10: =I10 -> 0 | ... X10: =K10 -> 0 | Y10: Total
A11: SO1 | L11: =SUM(B11:K11) -> 0 | N11: SO1 | Y11: =SUM(O11:X11) -> 0
A12: SO2 | L12: =SUM(B12:K12) -> 0 | N12: SO2 | Y12: =SUM(O12:X12) -> 0
A13: SO3 | L13: =SUM(B13:K13) -> 0 | N13: SO3 | Y13: =SUM(O13:X13) -> 0
A14: SO4 | L14: =SUM(B14:K14) -> 0 | N14: SO4 | Y14: =SUM(O14:X14) -> 0
A15: SO5 | L15: =SUM(B15:K15) -> 0 | N15: SO5 | Y15: =SUM(O15:X15) -> 0
A16: SO6 | L16: =SUM(B16:K16) -> 0 | N16: SO6 | Y16: =SUM(O16:X16) -> 0
A17: SP1 | L17: =SUM(B17:K17) -> 0 | N17: SP1 | Y17: =SUM(O17:X17) -> 0
A18: SP2 | L18: =SUM(B18:K18) -> 0 | N18: SP2 | Y18: =SUM(O18:X18) -> 0
A19: SP3 | L19: =SUM(B19:K19) -> 0 | N19: SP3 | Y19: =SUM(O19:X19) -> 0
A20: SP4 | L20: =SUM(B20:K20) -> 0 | N20: SP4 | Y20: =SUM(O20:X20) -> 0
A21: SP5 | L21: =SUM(B21:K21) -> 0 | N21: SP5 | Y21: =SUM(O21:X21) -> 0
A22: SP6 | L22: =SUM(B22:K22) -> 0 | N22: SP6 | Y22: =SUM(O22:X22) -> 0
... A49: Jaula | L49: =SUM(B49:K49) -> 0 | N49: Jaula | Y49: =SUM(O49:X49) -> 0
A50: Total | B50: =SUM(B11:B49) -> 0 | C50: =SUM(C11:C49) -> 0 | D50: =SUM(D11:D49) -> 0 | E50: =SUM(E11:E49) -> 0 | F50: =SUM(F11:F49) -> 0 | G50: =SUM(G11:G49) -> 0 | H50: =SUM(H11:H49) -> 0 | I50: =SUM(I11:I49) -> 0 | ... L50: =SUM(L11:L49) -> 0 | N50: Total | O50: =SUM(O11:O49) -> 0 | P50: =SUM(P11:P49) -> 0 | Q50: =SUM(Q11:Q49) -> 0 | R50: =SUM(R11:R49) -> 0 | S50: =SUM(S11:S49) -> 0 | T50: =SUM(T11:T49) -> 0 | U50: =SUM(U11:U49) -> 0 | V50: =SUM(V11:V49) -> 0 | ... Y50: =SUM(Y11:Y49) -> 0
A56: Dia: | N56: Dia:
B57: =B10 -> Thalassa 0.9 -1.6 | C57: =C10 -> Thalassa 1.3 - 2.0 | D57: =D10 -> 3 mm progress ex | E57: =E10 -> 4.5 mm Progress | F57: =F10 -> 6 mm Progress | G57: =G10 -> 8 mm Progress | H57: =H10 -> 8 mm Reproductor | I57: =I10 -> 0 | ... K57: =K10 -> 0 | L57: Total | O57: =B10 -> Thalassa 0.9 -1.6 | P57: =C10 -> Thalassa 1.3 - 2.0 | Q57: =D10 -> 3 mm progress ex | R57: =E10 -> 4.5 mm Progress | S57: =F10 -> 6 mm Progress | T57: =G10 -> 8 mm Progress | U57: =H10 -> 8 mm Reproductor | V57: =I10 -> 0 | ... X57: =K10 -> 0 | Y57: Total
A58: SO1 | L58: =SUM(B58:K58) -> 0 | N58: SO1 | Y58: =SUM(O58:X58) -> 0
A59: SO2 | L59: =SUM(B59:K59) -> 0 | N59: SO2 | Y59: =SUM(O59:X59) -> 0
A60: SO3 | L60: =SUM(B60:K60) -> 0 | N60: SO3 | Y60: =SUM(O60:X60) -> 0
A61: SO4 | L61: =SUM(B61:K61) -> 0 | N61: SO4 | Y61: =SUM(O61:X61) -> 0
A62: SO5 | L62: =SUM(B62:K62) -> 0 | N62: SO5 | Y62: =SUM(O62:X62) -> 0
A63: SO6 | L63: =SUM(B63:K63) -> 0 | N63: SO6 | Y63: =SUM(O63:X63) -> 0
A64: SP1 | L64: =SUM(B64:K64) -> 0 | N64: SP1 | Y64: =SUM(O64:X64) -> 0
A65: SP2 | L65: =SUM(B65:K65) -> 0 | N65: SP2 | Y65: =SUM(O65:X65) -> 0
A66: SP3 | L66: =SUM(B66:K66) -> 0 | N66: SP3 | Y66: =SUM(O66:X66) -> 0
A67: SP4 | L67: =SUM(B67:K67) -> 0 | N67: SP4 | Y67: =SUM(O67:X67) -> 0
A68: SP5 | L68: =SUM(B68:K68) -> 0 | N68: SP5 | Y68: =SUM(O68:X68) -> 0
A69: SP6 | L69: =SUM(B69:K69) -> 0 | N69: SP6 | Y69: =SUM(O69:X69) -> 0
... A96: Jaula | L96: =SUM(B96:K96) -> 0 | N96: Jaula | Y96: =SUM(O96:X96) -> 0
A97: Total | B97: =SUM(B58:B96) -> 0 | C97: =SUM(C58:C96) -> 0 | D97: =SUM(D58:D96) -> 0 | E97: =SUM(E58:E96) -> 0 | F97: =SUM(F58:F96) -> 0 | G97: =SUM(G58:G96) -> 0 | H97: =SUM(H58:H96) -> 0 | I97: =SUM(I58:I96) -> 0 | ... L97: =SUM(L58:L96) -> 0 | N97: Total | O97: =SUM(O58:O96) -> 0 | P97: =SUM(P58:P96) -> 0 | Q97: =SUM(Q58:Q96) -> 0 | R97: =SUM(R58:R96) -> 0 | S97: =SUM(S58:S96) -> 0 | T97: =SUM(T58:T96) -> 0 | U97: =SUM(U58:U96) -> 0 | V97: =SUM(V58:V96) -> 0 | ... Y97: =SUM(Y58:Y96) -> 0

Sheet Total
C2: Thalassa 0.9 -1.6 | D2: Thalassa 1.3 - 2.0 | E2: 3 mm progress ex | F2: 4.5 mm Progress | G2: 6 mm Progress | H2: 8 mm Progress | I2: 8 mm Reproductor
B3: SO1 | C3: =('01'!B11+'01'!O11+'01'!B58+'01'!O58)+('02'!B11+'02'!O11+'02'!B58+'02'!O58)+('03'!B11+'03'!O11+'03'!B58+'03'!O58)+('04'!B11+'04'!O11+'04'!B58+'04'!O58)+('05'!B11+'05'!O11+'05'!B58+'05'!O58)+('06'!B11+'06'!O11+'06'!B58+'06'!O58)+('07'!B11+'07'!O11+'07'!B58+'07'!O58)+('08'!B11+'08'!O11+'08'!B58+'08'!O58)+('09'!B11+'09'!O11+'09'!B58+'09'!O58) -> 0 | D3: =('01'!C11+'01'!P11+'01'!C58+'01'!P58)+('02'!C11+'02'!P11+'02'!C58+'02'!P58)+('03'!C11+'03'!P11+'03'!C58+'03'!P58)+('04'!C11+'04'!P11+'04'!C58+'04'!P58)+('05'!C11+'05'!P11+'05'!C58+'05'!P58)+('06'!C11+'06'!P11+'06'!C58+'06'!P58)+('07'!C11+'07'!P11+'07'!C58+'07'!P58)+('08'!C11+'08'!P11+'08'!C58+'08'!P58)+('09'!C11+'09'!P11+'09'!C58+'09'!P58) -> 0 | E3: =('01'!D11+'01'!Q11+'01'!D58+'01'!Q58)+('02'!D11+'02'!Q11+'02'!D58+'02'!Q58)+('03'!D11+'03'!Q11+'03'!D58+'03'!Q58)+('04'!D11+'04'!Q11+'04'!D58+'04'!Q58)+('05'!D11+'05'!Q11+'05'!D58+'05'!Q58)+('06'!D11+'06'!Q11+'06'!D58+'06'!Q58)+('07'!D11+'07'!Q11+'07'!D58+'07'!Q58)+('08'!D11+'08'!Q11+'08'!D58+'08'!Q58)+('09'!D11+'09'!Q11+'09'!D58+'09'!Q58) -> 0 | F3: =('01'!E11+'01'!R11+'01'!E58+'01'!R58)+('02'!E11+'02'!R11+'02'!E58+'02'!R58)+('03'!E11+'03'!R11+'03'!E58+'03'!R58)+('04'!E11+'04'!R11+'04'!E58+'04'!R58)+('05'!E11+'05'!R11+'05'!E58+'05'!R58)+('06'!E11+'06'!R11+'06'!E58+'06'!R58)+('07'!E11+'07'!R11+'07'!E58+'07'!R58)+('08'!E11+'08'!R11+'08'!E58+'08'!R58)+('09'!E11+'09'!R11+'09'!E58+'09'!R58) -> 0 | G3: =('01'!F11+'01'!S11+'01'!F58+'01'!S58)+('02'!F11+'02'!S11+'02'!F58+'02'!S58)+('03'!F11+'03'!S11+'03'!F58+'03'!S58)+('04'!F11+'04'!S11+'04'!F58+'04'!S58)+('05'!F11+'05'!S11+'05'!F58+'05'!S58)+('06'!F11+'06'!S11+'06'!F58+'06'!S58)+('07'!F11+'07'!S11+'07'!F58+'07'!S58)+('08'!F11+'08'!S11+'08'!F58+'08'!S58)+('09'!F11+'09'!S11+'09'!F58+'09'!S58) -> 0 | H3: =('01'!G11+'01'!T11+'01'!G58+'01'!T58)+('02'!G11+'02'!T11+'02'!G58+'02'!T58)+('03'!G11+'03'!T11+'03'!G58+'03'!T58)+('04'!G11+'04'!T11+'04'!G58+'04'!T58)+('05'!G11+'05'!T11+'05'!G58+'05'!T58)+('06'!G11+'06'!T11+'06'!G58+'06'!T58)+('07'!G11+'07'!T11+'07'!G58+'07'!T58)+('08'!G11+'08'!T11+'08'!G58+'08'!T58)+('09'!G11+'09'!T11+'09'!G58+'09'!T58) -> 0 | I3: =('01'!H11+'01'!U11+'01'!H58+'01'!U58)+('02'!H11+'02'!U11+'02'!H58+'02'!U58)+('03'!H11+'03'!U11+'03'!H58+'03'!U58)+('04'!H11+'04'!U11+'04'!H58+'04'!U58)+('05'!H11+'05'!U11+'05'!H58+'05'!U58)+('06'!H11+'06'!U11+'06'!H58+'06'!U58)+('07'!H11+'07'!U11+'07'!H58+'07'!U58)+('08'!H11+'08'!U11+'08'!H58+'08'!U58)+('09'!H11+'09'!U11+'09'!H58+'09'!U58) -> 0 | J3: =('01'!I11+'01'!V11+'01'!I58+'01'!V58)+('02'!I11+'02'!V11+'02'!I58+'02'!V58)+('03'!I11+'03'!V11+'03'!I58+'03'!V58)+('04'!I11+'04'!V11+'04'!I58+'04'!V58)+('05'!I11+'05'!V11+'05'!I58+'05'!V58)+('06'!I11+'06'!V11+'06'!I58+'06'!V58)+('07'!I11+'07'!V11+'07'!I58+'07'!V58)+('08'!I11+'08'!V11+'08'!I58+'08'!V58)+('09'!I11+'09'!V11+'09'!I58+'09'!V58) -> 0 | ... L3: =('01'!K11+'01'!X11+'01'!K58+'01'!X58)+('02'!K11+'02'!X11+'02'!K58+'02'!X58)+('03'!K11+'03'!X11+'03'!K58+'03'!X58)+('04'!K11+'04'!X11+'04'!K58+'04'!X58)+('05'!K11+'05'!X11+'05'!K58+'05'!X58)+('06'!K11+'06'!X11+'06'!K58+'06'!X58)+('07'!K11+'07'!X11+'07'!K58+'07'!X58)+('08'!K11+'08'!X11+'08'!K58+'08'!X58)+('09'!K11+'09'!X11+'09'!K58+'09'!X58) -> 0 | M3: =SUM(C3:L3) -> 0 | N3: =M3*25 -> 0
B4: SO2 | C4: =('01'!B12+'01'!O12+'01'!B59+'01'!O59)+('02'!B12+'02'!O12+'02'!B59+'02'!O59)+('03'!B12+'03'!O12+'03'!B59+'03'!O59)+('04'!B12+'04'!O12+'04'!B59+'04'!O59)+('05'!B12+'05'!O12+'05'!B59+'05'!O59)+('06'!B12+'06'!O12+'06'!B59+'06'!O59)+('07'!B12+'07'!O12+'07'!B59+'07'!O59)+('08'!B12+'08'!O12+'08'!B59+'08'!O59)+('09'!B12+'09'!O12+'09'!B59+'09'!O59) -> 0 | D4: =('01'!C12+'01'!P12+'01'!C59+'01'!P59)+('02'!C12+'02'!P12+'02'!C59+'02'!P59)+('03'!C12+'03'!P12+'03'!C59+'03'!P59)+('04'!C12+'04'!P12+'04'!C59+'04'!P59)+('05'!C12+'05'!P12+'05'!C59+'05'!P59)+('06'!C12+'06'!P12+'06'!C59+'06'!P59)+('07'!C12+'07'!P12+'07'!C59+'07'!P59)+('08'!C12+'08'!P12+'08'!C59+'08'!P59)+('09'!C12+'09'!P12+'09'!C59+'09'!P59) -> 0 | E4: =('01'!D12+'01'!Q12+'01'!D59+'01'!Q59)+('02'!D12+'02'!Q12+'02'!D59+'02'!Q59)+('03'!D12+'03'!Q12+'03'!D59+'03'!Q59)+('04'!D12+'04'!Q12+'04'!D59+'04'!Q59)+('05'!D12+'05'!Q12+'05'!D59+'05'!Q59)+('06'!D12+'06'!Q12+'06'!D59+'06'!Q59)+('07'!D12+'07'!Q12+'07'!D59+'07'!Q59)+('08'!D12+'08'!Q12+'08'!D59+'08'!Q59)+('09'!D12+'09'!Q12+'09'!D59+'09'!Q59) -> 0 | F4: =('01'!E12+'01'!R12+'01'!E59+'01'!R59)+('02'!E12+'02'!R12+'02'!E59+'02'!R59)+('03'!E12+'03'!R12+'03'!E59+'03'!R59)+('04'!E12+'04'!R12+'04'!E59+'04'!R59)+('05'!E12+'05'!R12+'05'!E59+'05'!R59)+('06'!E12+'06'!R12+'06'!E59+'06'!R59)+('07'!E12+'07'!R12+'07'!E59+'07'!R59)+('08'!E12+'08'!R12+'08'!E59+'08'!R59)+('09'!E12+'09'!R12+'09'!E59+'09'!R59) -> 0 | G4: =('01'!F12+'01'!S12+'01'!F59+'01'!S59)+('02'!F12+'02'!S12+'02'!F59+'02'!S59)+('03'!F12+'03'!S12+'03'!F59+'03'!S59)+('04'!F12+'04'!S12+'04'!F59+'04'!S59)+('05'!F12+'05'!S12+'05'!F59+'05'!S59)+('06'!F12+'06'!S12+'06'!F59+'06'!S59)+('07'!F12+'07'!S12+'07'!F59+'07'!S59)+('08'!F12+'08'!S12+'08'!F59+'08'!S59)+('09'!F12+'09'!S12+'09'!F59+'09'!S59) -> 0 | H4: =('01'!G12+'01'!T12+'01'!G59+'01'!T59)+('02'!G12+'02'!T12+'02'!G59+'02'!T59)+('03'!G12+'03'!T12+'03'!G59+'03'!T59)+('04'!G12+'04'!T12+'04'!G59+'04'!T59)+('05'!G12+'05'!T12+'05'!G59+'05'!T59)+('06'!G12+'06'!T12+'06'!G59+'06'!T59)+('07'!G12+'07'!T12+'07'!G59+'07'!T59)+('08'!G12+'08'!T12+'08'!G59+'08'!T59)+('09'!G12+'09'!T12+'09'!G59+'09'!T59) -> 0 | I4: =('01'!H12+'01'!U12+'01'!H59+'01'!U59)+('02'!H12+'02'!U12+'02'!H59+'02'!U59)+('03'!H12+'03'!U12+'03'!H59+'03'!U59)+('04'!H12+'04'!U12+'04'!H59+'04'!U59)+('05'!H12+'05'!U12+'05'!H59+'05'!U59)+('06'!H12+'06'!U12+'06'!H59+'06'!U59)+('07'!H12+'07'!U12+'07'!H59+'07'!U59)+('08'!H12+'08'!U12+'08'!H59+'08'!U59)+('09'!H12+'09'!U12+'09'!H59+'09'!U59) -> 0 | J4: =('01'!I12+'01'!V12+'01'!I59+'01'!V59)+('02'!I12+'02'!V12+'02'!I59+'02'!V59)+('03'!I12+'03'!V12+'03'!I59+'03'!V59)+('04'!I12+'04'!V12+'04'!I59+'04'!V59)+('05'!I12+'05'!V12+'05'!I59+'05'!V59)+('06'!I12+'06'!V12+'06'!I59+'06'!V59)+('07'!I12+'07'!V12+'07'!I59+'07'!V59)+('08'!I12+'08'!V12+'08'!I59+'08'!V59)+('09'!I12+'09'!V12+'09'!I59+'09'!V59) -> 0 | ... L4: =('01'!K12+'01'!X12+'01'!K59+'01'!X59)+('02'!K12+'02'!X12+'02'!K59+'02'!X59)+('03'!K12+'03'!X12+'03'!K59+'03'!X59)+('04'!K12+'04'!X12+'04'!K59+'04'!X59)+('05'!K12+'05'!X12+'05'!K59+'05'!X59)+('06'!K12+'06'!X12+'06'!K59+'06'!X59)+('07'!K12+'07'!X12+'07'!K59+'07'!X59)+('08'!K12+'08'!X12+'08'!K59+'08'!X59)+('09'!K12+'09'!X12+'09'!K59+'09'!X59) -> 0 | M4: =SUM(C4:L4) -> 0 | N4: =M4*25 -> 0
B5: SO3 | C5: =('01'!B13+'01'!O13+'01'!B60+'01'!O60)+('02'!B13+'02'!O13+'02'!B60+'02'!O60)+('03'!B13+'03'!O13+'03'!B60+'03'!O60)+('04'!B13+'04'!O13+'04'!B60+'04'!O60)+('05'!B13+'05'!O13+'05'!B60+'05'!O60)+('06'!B13+'06'!O13+'06'!B60+'06'!O60)+('07'!B13+'07'!O13+'07'!B60+'07'!O60)+('08'!B13+'08'!O13+'08'!B60+'08'!O60)+('09'!B13+'09'!O13+'09'!B60+'09'!O60) -> 0 | D5: =('01'!C13+'01'!P13+'01'!C60+'01'!P60)+('02'!C13+'02'!P13+'02'!C60+'02'!P60)+('03'!C13+'03'!P13+'03'!C60+'03'!P60)+('04'!C13+'04'!P13+'04'!C60+'04'!P60)+('05'!C13+'05'!P13+'05'!C60+'05'!P60)+('06'!C13+'06'!P13+'06'!C60+'06'!P60)+('07'!C13+'07'!P13+'07'!C60+'07'!P60)+('08'!C13+'08'!P13+'08'!C60+'08'!P60)+('09'!C13+'09'!P13+'09'!C60+'09'!P60) -> 0 | E5: =('01'!D13+'01'!Q13+'01'!D60+'01'!Q60)+('02'!D13+'02'!Q13+'02'!D60+'02'!Q60)+('03'!D13+'03'!Q13+'03'!D60+'03'!Q60)+('04'!D13+'04'!Q13+'04'!D60+'04'!Q60)+('05'!D13+'05'!Q13+'05'!D60+'05'!Q60)+('06'!D13+'06'!Q13+'06'!D60+'06'!Q60)+('07'!D13+'07'!Q13+'07'!D60+'07'!Q60)+('08'!D13+'08'!Q13+'08'!D60+'08'!Q60)+('09'!D13+'09'!Q13+'09'!D60+'09'!Q60) -> 0 | F5: =('01'!E13+'01'!R13+'01'!E60+'01'!R60)+('02'!E13+'02'!R13+'02'!E60+'02'!R60)+('03'!E13+'03'!R13+'03'!E60+'03'!R60)+('04'!E13+'04'!R13+'04'!E60+'04'!R60)+('05'!E13+'05'!R13+'05'!E60+'05'!R60)+('06'!E13+'06'!R13+'06'!E60+'06'!R60)+('07'!E13+'07'!R13+'07'!E60+'07'!R60)+('08'!E13+'08'!R13+'08'!E60+'08'!R60)+('09'!E13+'09'!R13+'09'!E60+'09'!R60) -> 0 | G5: =('01'!F13+'01'!S13+'01'!F60+'01'!S60)+('02'!F13+'02'!S13+'02'!F60+'02'!S60)+('03'!F13+'03'!S13+'03'!F60+'03'!S60)+('04'!F13+'04'!S13+'04'!F60+'04'!S60)+('05'!F13+'05'!S13+'05'!F60+'05'!S60)+('06'!F13+'06'!S13+'06'!F60+'06'!S60)+('07'!F13+'07'!S13+'07'!F60+'07'!S60)+('08'!F13+'08'!S13+'08'!F60+'08'!S60)+('09'!F13+'09'!S13+'09'!F60+'09'!S60) -> 0 | H5: =('01'!G13+'01'!T13+'01'!G60+'01'!T60)+('02'!G13+'02'!T13+'02'!G60+'02'!T60)+('03'!G13+'03'!T13+'03'!G60+'03'!T60)+('04'!G13+'04'!T13+'04'!G60+'04'!T60)+('05'!G13+'05'!T13+'05'!G60+'05'!T60)+('06'!G13+'06'!T13+'06'!G60+'06'!T60)+('07'!G13+'07'!T13+'07'!G60+'07'!T60)+('08'!G13+'08'!T13+'08'!G60+'08'!T60)+('09'!G13+'09'!T13+'09'!G60+'09'!T60) -> 0 | I5: =('01'!H13+'01'!U13+'01'!H60+'01'!U60)+('02'!H13+'02'!U13+'02'!H60+'02'!U60)+('03'!H13+'03'!U13+'03'!H60+'03'!U60)+('04'!H13+'04'!U13+'04'!H60+'04'!U60)+('05'!H13+'05'!U13+'05'!H60+'05'!U60)+('06'!H13+'06'!U13+'06'!H60+'06'!U60)+('07'!H13+'07'!U13+'07'!H60+'07'!U60)+('08'!H13+'08'!U13+'08'!H60+'08'!U60)+('09'!H13+'09'!U13+'09'!H60+'09'!U60) -> 0 | J5: =('01'!I13+'01'!V13+'01'!I60+'01'!V60)+('02'!I13+'02'!V13+'02'!I60+'02'!V60)+('03'!I13+'03'!V13+'03'!I60+'03'!V60)+('04'!I13+'04'!V13+'04'!I60+'04'!V60)+('05'!I13+'05'!V13+'05'!I60+'05'!V60)+('06'!I13+'06'!V13+'06'!I60+'06'!V60)+('07'!I13+'07'!V13+'07'!I60+'07'!V60)+('08'!I13+'08'!V13+'08'!I60+'08'!V60)+('09'!I13+'09'!V13+'09'!I60+'09'!V60) -> 0 | ... L5: =('01'!K13+'01'!X13+'01'!K60+'01'!X60)+('02'!K13+'02'!X13+'02'!K60+'02'!X60)+('03'!K13+'03'!X13+'03'!K60+'03'!X60)+('04'!K13+'04'!X13+'04'!K60+'04'!X60)+('05'!K13+'05'!X13+'05'!K60+'05'!X60)+('06'!K13+'06'!X13+'06'!K60+'06'!X60)+('07'!K13+'07'!X13+'07'!K60+'07'!X60)+('08'!K13+'08'!X13+'08'!K60+'08'!X60)+('09'!K13+'09'!X13+'09'!K60+'09'!X60) -> 0 | M5: =SUM(C5:L5) -> 0 | N5: =M5*25 -> 0
B6: SO4 | C6: =('01'!B14+'01'!O14+'01'!B61+'01'!O61)+('02'!B14+'02'!O14+'02'!B61+'02'!O61)+('03'!B14+'03'!O14+'03'!B61+'03'!O61)+('04'!B14+'04'!O14+'04'!B61+'04'!O61)+('05'!B14+'05'!O14+'05'!B61+'05'!O61)+('06'!B14+'06'!O14+'06'!B61+'06'!O61)+('07'!B14+'07'!O14+'07'!B61+'07'!O61)+('08'!B14+'08'!O14+'08'!B61+'08'!O61)+('09'!B14+'09'!O14+'09'!B61+'09'!O61) -> 0 | D6: =('01'!C14+'01'!P14+'01'!C61+'01'!P61)+('02'!C14+'02'!P14+'02'!C61+'02'!P61)+('03'!C14+'03'!P14+'03'!C61+'03'!P61)+('04'!C14+'04'!P14+'04'!C61+'04'!P61)+('05'!C14+'05'!P14+'05'!C61+'05'!P61)+('06'!C14+'06'!P14+'06'!C61+'06'!P61)+('07'!C14+'07'!P14+'07'!C61+'07'!P61)+('08'!C14+'08'!P14+'08'!C61+'08'!P61)+('09'!C14+'09'!P14+'09'!C61+'09'!P61) -> 0 | E6: =('01'!D14+'01'!Q14+'01'!D61+'01'!Q61)+('02'!D14+'02'!Q14+'02'!D61+'02'!Q61)+('03'!D14+'03'!Q14+'03'!D61+'03'!Q61)+('04'!D14+'04'!Q14+'04'!D61+'04'!Q61)+('05'!D14+'05'!Q14+'05'!D61+'05'!Q61)+('06'!D14+'06'!Q14+'06'!D61+'06'!Q61)+('07'!D14+'07'!Q14+'07'!D61+'07'!Q61)+('08'!D14+'08'!Q14+'08'!D61+'08'!Q61)+('09'!D14+'09'!Q14+'09'!D61+'09'!Q61) -> 0 | F6: =('01'!E14+'01'!R14+'01'!E61+'01'!R61)+('02'!E14+'02'!R14+'02'!E61+'02'!R61)+('03'!E14+'03'!R14+'03'!E61+'03'!R61)+('04'!E14+'04'!R14+'04'!E61+'04'!R61)+('05'!E14+'05'!R14+'05'!E61+'05'!R61)+('06'!E14+'06'!R14+'06'!E61+'06'!R61)+('07'!E14+'07'!R14+'07'!E61+'07'!R61)+('08'!E14+'08'!R14+'08'!E61+'08'!R61)+('09'!E14+'09'!R14+'09'!E61+'09'!R61) -> 0 | G6: =('01'!F14+'01'!S14+'01'!F61+'01'!S61)+('02'!F14+'02'!S14+'02'!F61+'02'!S61)+('03'!F14+'03'!S14+'03'!F61+'03'!S61)+('04'!F14+'04'!S14+'04'!F61+'04'!S61)+('05'!F14+'05'!S14+'05'!F61+'05'!S61)+('06'!F14+'06'!S14+'06'!F61+'06'!S61)+('07'!F14+'07'!S14+'07'!F61+'07'!S61)+('08'!F14+'08'!S14+'08'!F61+'08'!S61)+('09'!F14+'09'!S14+'09'!F61+'09'!S61) -> 0 | H6: =('01'!G14+'01'!T14+'01'!G61+'01'!T61)+('02'!G14+'02'!T14+'02'!G61+'02'!T61)+('03'!G14+'03'!T14+'03'!G61+'03'!T61)+('04'!G14+'04'!T14+'04'!G61+'04'!T61)+('05'!G14+'05'!T14+'05'!G61+'05'!T61)+('06'!G14+'06'!T14+'06'!G61+'06'!T61)+('07'!G14+'07'!T14+'07'!G61+'07'!T61)+('08'!G14+'08'!T14+'08'!G61+'08'!T61)+('09'!G14+'09'!T14+'09'!G61+'09'!T61) -> 0 | I6: =('01'!H14+'01'!U14+'01'!H61+'01'!U61)+('02'!H14+'02'!U14+'02'!H61+'02'!U61)+('03'!H14+'03'!U14+'03'!H61+'03'!U61)+('04'!H14+'04'!U14+'04'!H61+'04'!U61)+('05'!H14+'05'!U14+'05'!H61+'05'!U61)+('06'!H14+'06'!U14+'06'!H61+'06'!U61)+('07'!H14+'07'!U14+'07'!H61+'07'!U61)+('08'!H14+'08'!U14+'08'!H61+'08'!U61)+('09'!H14+'09'!U14+'09'!H61+'09'!U61) -> 0 | J6: =('01'!I14+'01'!V14+'01'!I61+'01'!V61)+('02'!I14+'02'!V14+'02'!I61+'02'!V61)+('03'!I14+'03'!V14+'03'!I61+'03'!V61)+('04'!I14+'04'!V14+'04'!I61+'04'!V61)+('05'!I14+'05'!V14+'05'!I61+'05'!V61)+('06'!I14+'06'!V14+'06'!I61+'06'!V61)+('07'!I14+'07'!V14+'07'!I61+'07'!V61)+('08'!I14+'08'!V14+'08'!I61+'08'!V61)+('09'!I14+'09'!V14+'09'!I61+'09'!V61) -> 0 | ... L6: =('01'!K14+'01'!X14+'01'!K61+'01'!X61)+('02'!K14+'02'!X14+'02'!K61+'02'!X61)+('03'!K14+'03'!X14+'03'!K61+'03'!X61)+('04'!K14+'04'!X14+'04'!K61+'04'!X61)+('05'!K14+'05'!X14+'05'!K61+'05'!X61)+('06'!K14+'06'!X14+'06'!K61+'06'!X61)+('07'!K14+'07'!X14+'07'!K61+'07'!X61)+('08'!K14+'08'!X14+'08'!K61+'08'!X61)+('09'!K14+'09'!X14+'09'!K61+'09'!X61) -> 0 | M6: =SUM(C6:L6) -> 0 | N6: =M6*25 -> 0
B7: SO5 | C7: =('01'!B15+'01'!O15+'01'!B62+'01'!O62)+('02'!B15+'02'!O15+'02'!B62+'02'!O62)+('03'!B15+'03'!O15+'03'!B62+'03'!O62)+('04'!B15+'04'!O15+'04'!B62+'04'!O62)+('05'!B15+'05'!O15+'05'!B62+'05'!O62)+('06'!B15+'06'!O15+'06'!B62+'06'!O62)+('07'!B15+'07'!O15+'07'!B62+'07'!O62)+('08'!B15+'08'!O15+'08'!B62+'08'!O62)+('09'!B15+'09'!O15+'09'!B62+'09'!O62) -> 0 | D7: =('01'!C15+'01'!P15+'01'!C62+'01'!P62)+('02'!C15+'02'!P15+'02'!C62+'02'!P62)+('03'!C15+'03'!P15+'03'!C62+'03'!P62)+('04'!C15+'04'!P15+'04'!C62+'04'!P62)+('05'!C15+'05'!P15+'05'!C62+'05'!P62)+('06'!C15+'06'!P15+'06'!C62+'06'!P62)+('07'!C15+'07'!P15+'07'!C62+'07'!P62)+('08'!C15+'08'!P15+'08'!C62+'08'!P62)+('09'!C15+'09'!P15+'09'!C62+'09'!P62) -> 0 | E7: =('01'!D15+'01'!Q15+'01'!D62+'01'!Q62)+('02'!D15+'02'!Q15+'02'!D62+'02'!Q62)+('03'!D15+'03'!Q15+'03'!D62+'03'!Q62)+('04'!D15+'04'!Q15+'04'!D62+'04'!Q62)+('05'!D15+'05'!Q15+'05'!D62+'05'!Q62)+('06'!D15+'06'!Q15+'06'!D62+'06'!Q62)+('07'!D15+'07'!Q15+'07'!D62+'07'!Q62)+('08'!D15+'08'!Q15+'08'!D62+'08'!Q62)+('09'!D15+'09'!Q15+'09'!D62+'09'!Q62) -> 0 | F7: =('01'!E15+'01'!R15+'01'!E62+'01'!R62)+('02'!E15+'02'!R15+'02'!E62+'02'!R62)+('03'!E15+'03'!R15+'03'!E62+'03'!R62)+('04'!E15+'04'!R15+'04'!E62+'04'!R62)+('05'!E15+'05'!R15+'05'!E62+'05'!R62)+('06'!E15+'06'!R15+'06'!E62+'06'!R62)+('07'!E15+'07'!R15+'07'!E62+'07'!R62)+('08'!E15+'08'!R15+'08'!E62+'08'!R62)+('09'!E15+'09'!R15+'09'!E62+'09'!R62) -> 0 | G7: =('01'!F15+'01'!S15+'01'!F62+'01'!S62)+('02'!F15+'02'!S15+'02'!F62+'02'!S62)+('03'!F15+'03'!S15+'03'!F62+'03'!S62)+('04'!F15+'04'!S15+'04'!F62+'04'!S62)+('05'!F15+'05'!S15+'05'!F62+'05'!S62)+('06'!F15+'06'!S15+'06'!F62+'06'!S62)+('07'!F15+'07'!S15+'07'!F62+'07'!S62)+('08'!F15+'08'!S15+'08'!F62+'08'!S62)+('09'!F15+'09'!S15+'09'!F62+'09'!S62) -> 0 | H7: =('01'!G15+'01'!T15+'01'!G62+'01'!T62)+('02'!G15+'02'!T15+'02'!G62+'02'!T62)+('03'!G15+'03'!T15+'03'!G62+'03'!T62)+('04'!G15+'04'!T15+'04'!G62+'04'!T62)+('05'!G15+'05'!T15+'05'!G62+'05'!T62)+('06'!G15+'06'!T15+'06'!G62+'06'!T62)+('07'!G15+'07'!T15+'07'!G62+'07'!T62)+('08'!G15+'08'!T15+'08'!G62+'08'!T62)+('09'!G15+'09'!T15+'09'!G62+'09'!T62) -> 0 | I7: =('01'!H15+'01'!U15+'01'!H62+'01'!U62)+('02'!H15+'02'!U15+'02'!H62+'02'!U62)+('03'!H15+'03'!U15+'03'!H62+'03'!U62)+('04'!H15+'04'!U15+'04'!H62+'04'!U62)+('05'!H15+'05'!U15+'05'!H62+'05'!U62)+('06'!H15+'06'!U15+'06'!H62+'06'!U62)+('07'!H15+'07'!U15+'07'!H62+'07'!U62)+('08'!H15+'08'!U15+'08'!H62+'08'!U62)+('09'!H15+'09'!U15+'09'!H62+'09'!U62) -> 0 | J7: =('01'!I15+'01'!V15+'01'!I62+'01'!V62)+('02'!I15+'02'!V15+'02'!I62+'02'!V62)+('03'!I15+'03'!V15+'03'!I62+'03'!V62)+('04'!I15+'04'!V15+'04'!I62+'04'!V62)+('05'!I15+'05'!V15+'05'!I62+'05'!V62)+('06'!I15+'06'!V15+'06'!I62+'06'!V62)+('07'!I15+'07'!V15+'07'!I62+'07'!V62)+('08'!I15+'08'!V15+'08'!I62+'08'!V62)+('09'!I15+'09'!V15+'09'!I62+'09'!V62) -> 0 | ... L7: =('01'!K15+'01'!X15+'01'!K62+'01'!X62)+('02'!K15+'02'!X15+'02'!K62+'02'!X62)+('03'!K15+'03'!X15+'03'!K62+'03'!X62)+('04'!K15+'04'!X15+'04'!K62+'04'!X62)+('05'!K15+'05'!X15+'05'!K62+'05'!X62)+('06'!K15+'06'!X15+'06'!K62+'06'!X62)+('07'!K15+'07'!X15+'07'!K62+'07'!X62)+('08'!K15+'08'!X15+'08'!K62+'08'!X62)+('09'!K15+'09'!X15+'09'!K62+'09'!X62) -> 0 | M7: =SUM(C7:L7) -> 0 | N7: =M7*25 -> 0
B8: SO6 | C8: =('01'!B16+'01'!O16+'01'!B63+'01'!O63)+('02'!B16+'02'!O16+'02'!B63+'02'!O63)+('03'!B16+'03'!O16+'03'!B63+'03'!O63)+('04'!B16+'04'!O16+'04'!B63+'04'!O63)+('05'!B16+'05'!O16+'05'!B63+'05'!O63)+('06'!B16+'06'!O16+'06'!B63+'06'!O63)+('07'!B16+'07'!O16+'07'!B63+'07'!O63)+('08'!B16+'08'!O16+'08'!B63+'08'!O63)+('09'!B16+'09'!O16+'09'!B63+'09'!O63) -> 0 | D8: =('01'!C16+'01'!P16+'01'!C63+'01'!P63)+('02'!C16+'02'!P16+'02'!C63+'02'!P63)+('03'!C16+'03'!P16+'03'!C63+'03'!P63)+('04'!C16+'04'!P16+'04'!C63+'04'!P63)+('05'!C16+'05'!P16+'05'!C63+'05'!P63)+('06'!C16+'06'!P16+'06'!C63+'06'!P63)+('07'!C16+'07'!P16+'07'!C63+'07'!P63)+('08'!C16+'08'!P16+'08'!C63+'08'!P63)+('09'!C16+'09'!P16+'09'!C63+'09'!P63) -> 0 | E8: =('01'!D16+'01'!Q16+'01'!D63+'01'!Q63)+('02'!D16+'02'!Q16+'02'!D63+'02'!Q63)+('03'!D16+'03'!Q16+'03'!D63+'03'!Q63)+('04'!D16+'04'!Q16+'04'!D63+'04'!Q63)+('05'!D16+'05'!Q16+'05'!D63+'05'!Q63)+('06'!D16+'06'!Q16+'06'!D63+'06'!Q63)+('07'!D16+'07'!Q16+'07'!D63+'07'!Q63)+('08'!D16+'08'!Q16+'08'!D63+'08'!Q63)+('09'!D16+'09'!Q16+'09'!D63+'09'!Q63) -> 0 | F8: =('01'!E16+'01'!R16+'01'!E63+'01'!R63)+('02'!E16+'02'!R16+'02'!E63+'02'!R63)+('03'!E16+'03'!R16+'03'!E63+'03'!R63)+('04'!E16+'04'!R16+'04'!E63+'04'!R63)+('05'!E16+'05'!R16+'05'!E63+'05'!R63)+('06'!E16+'06'!R16+'06'!E63+'06'!R63)+('07'!E16+'07'!R16+'07'!E63+'07'!R63)+('08'!E16+'08'!R16+'08'!E63+'08'!R63)+('09'!E16+'09'!R16+'09'!E63+'09'!R63) -> 0 | G8: =('01'!F16+'01'!S16+'01'!F63+'01'!S63)+('02'!F16+'02'!S16+'02'!F63+'02'!S63)+('03'!F16+'03'!S16+'03'!F63+'03'!S63)+('04'!F16+'04'!S16+'04'!F63+'04'!S63)+('05'!F16+'05'!S16+'05'!F63+'05'!S63)+('06'!F16+'06'!S16+'06'!F63+'06'!S63)+('07'!F16+'07'!S16+'07'!F63+'07'!S63)+('08'!F16+'08'!S16+'08'!F63+'08'!S63)+('09'!F16+'09'!S16+'09'!F63+'09'!S63) -> 0 | H8: =('01'!G16+'01'!T16+'01'!G63+'01'!T63)+('02'!G16+'02'!T16+'02'!G63+'02'!T63)+('03'!G16+'03'!T16+'03'!G63+'03'!T63)+('04'!G16+'04'!T16+'04'!G63+'04'!T63)+('05'!G16+'05'!T16+'05'!G63+'05'!T63)+('06'!G16+'06'!T16+'06'!G63+'06'!T63)+('07'!G16+'07'!T16+'07'!G63+'07'!T63)+('08'!G16+'08'!T16+'08'!G63+'08'!T63)+('09'!G16+'09'!T16+'09'!G63+'09'!T63) -> 0 | I8: =('01'!H16+'01'!U16+'01'!H63+'01'!U63)+('02'!H16+'02'!U16+'02'!H63+'02'!U63)+('03'!H16+'03'!U16+'03'!H63+'03'!U63)+('04'!H16+'04'!U16+'04'!H63+'04'!U63)+('05'!H16+'05'!U16+'05'!H63+'05'!U63)+('06'!H16+'06'!U16+'06'!H63+'06'!U63)+('07'!H16+'07'!U16+'07'!H63+'07'!U63)+('08'!H16+'08'!U16+'08'!H63+'08'!U63)+('09'!H16+'09'!U16+'09'!H63+'09'!U63) -> 0 | J8: =('01'!I16+'01'!V16+'01'!I63+'01'!V63)+('02'!I16+'02'!V16+'02'!I63+'02'!V63)+('03'!I16+'03'!V16+'03'!I63+'03'!V63)+('04'!I16+'04'!V16+'04'!I63+'04'!V63)+('05'!I16+'05'!V16+'05'!I63+'05'!V63)+('06'!I16+'06'!V16+'06'!I63+'06'!V63)+('07'!I16+'07'!V16+'07'!I63+'07'!V63)+('08'!I16+'08'!V16+'08'!I63+'08'!V63)+('09'!I16+'09'!V16+'09'!I63+'09'!V63) -> 0 | ... L8: =('01'!K16+'01'!X16+'01'!K63+'01'!X63)+('02'!K16+'02'!X16+'02'!K63+'02'!X63)+('03'!K16+'03'!X16+'03'!K63+'03'!X63)+('04'!K16+'04'!X16+'04'!K63+'04'!X63)+('05'!K16+'05'!X16+'05'!K63+'05'!X63)+('06'!K16+'06'!X16+'06'!K63+'06'!X63)+('07'!K16+'07'!X16+'07'!K63+'07'!X63)+('08'!K16+'08'!X16+'08'!K63+'08'!X63)+('09'!K16+'09'!X16+'09'!K63+'09'!X63) -> 0 | M8: =SUM(C8:L8) -> 0 | N8: =M8*25 -> 0
B9: SP1 | C9: =('01'!B17+'01'!O17+'01'!B64+'01'!O64)+('02'!B17+'02'!O17+'02'!B64+'02'!O64)+('03'!B17+'03'!O17+'03'!B64+'03'!O64)+('04'!B17+'04'!O17+'04'!B64+'04'!O64)+('05'!B17+'05'!O17+'05'!B64+'05'!O64)+('06'!B17+'06'!O17+'06'!B64+'06'!O64)+('07'!B17+'07'!O17+'07'!B64+'07'!O64)+('08'!B17+'08'!O17+'08'!B64+'08'!O64)+('09'!B17+'09'!O17+'09'!B64+'09'!O64) -> 0 | D9: =('01'!C17+'01'!P17+'01'!C64+'01'!P64)+('02'!C17+'02'!P17+'02'!C64+'02'!P64)+('03'!C17+'03'!P17+'03'!C64+'03'!P64)+('04'!C17+'04'!P17+'04'!C64+'04'!P64)+('05'!C17+'05'!P17+'05'!C64+'05'!P64)+('06'!C17+'06'!P17+'06'!C64+'06'!P64)+('07'!C17+'07'!P17+'07'!C64+'07'!P64)+('08'!C17+'08'!P17+'08'!C64+'08'!P64)+('09'!C17+'09'!P17+'09'!C64+'09'!P64) -> 0 | E9: =('01'!D17+'01'!Q17+'01'!D64+'01'!Q64)+('02'!D17+'02'!Q17+'02'!D64+'02'!Q64)+('03'!D17+'03'!Q17+'03'!D64+'03'!Q64)+('04'!D17+'04'!Q17+'04'!D64+'04'!Q64)+('05'!D17+'05'!Q17+'05'!D64+'05'!Q64)+('06'!D17+'06'!Q17+'06'!D64+'06'!Q64)+('07'!D17+'07'!Q17+'07'!D64+'07'!Q64)+('08'!D17+'08'!Q17+'08'!D64+'08'!Q64)+('09'!D17+'09'!Q17+'09'!D64+'09'!Q64) -> 0 | F9: =('01'!E17+'01'!R17+'01'!E64+'01'!R64)+('02'!E17+'02'!R17+'02'!E64+'02'!R64)+('03'!E17+'03'!R17+'03'!E64+'03'!R64)+('04'!E17+'04'!R17+'04'!E64+'04'!R64)+('05'!E17+'05'!R17+'05'!E64+'05'!R64)+('06'!E17+'06'!R17+'06'!E64+'06'!R64)+('07'!E17+'07'!R17+'07'!E64+'07'!R64)+('08'!E17+'08'!R17+'08'!E64+'08'!R64)+('09'!E17+'09'!R17+'09'!E64+'09'!R64) -> 0 | G9: =('01'!F17+'01'!S17+'01'!F64+'01'!S64)+('02'!F17+'02'!S17+'02'!F64+'02'!S64)+('03'!F17+'03'!S17+'03'!F64+'03'!S64)+('04'!F17+'04'!S17+'04'!F64+'04'!S64)+('05'!F17+'05'!S17+'05'!F64+'05'!S64)+('06'!F17+'06'!S17+'06'!F64+'06'!S64)+('07'!F17+'07'!S17+'07'!F64+'07'!S64)+('08'!F17+'08'!S17+'08'!F64+'08'!S64)+('09'!F17+'09'!S17+'09'!F64+'09'!S64) -> 0 | H9: =('01'!G17+'01'!T17+'01'!G64+'01'!T64)+('02'!G17+'02'!T17+'02'!G64+'02'!T64)+('03'!G17+'03'!T17+'03'!G64+'03'!T64)+('04'!G17+'04'!T17+'04'!G64+'04'!T64)+('05'!G17+'05'!T17+'05'!G64+'05'!T64)+('06'!G17+'06'!T17+'06'!G64+'06'!T64)+('07'!G17+'07'!T17+'07'!G64+'07'!T64)+('08'!G17+'08'!T17+'08'!G64+'08'!T64)+('09'!G17+'09'!T17+'09'!G64+'09'!T64) -> 0 | I9: =('01'!H17+'01'!U17+'01'!H64+'01'!U64)+('02'!H17+'02'!U17+'02'!H64+'02'!U64)+('03'!H17+'03'!U17+'03'!H64+'03'!U64)+('04'!H17+'04'!U17+'04'!H64+'04'!U64)+('05'!H17+'05'!U17+'05'!H64+'05'!U64)+('06'!H17+'06'!U17+'06'!H64+'06'!U64)+('07'!H17+'07'!U17+'07'!H64+'07'!U64)+('08'!H17+'08'!U17+'08'!H64+'08'!U64)+('09'!H17+'09'!U17+'09'!H64+'09'!U64) -> 0 | J9: =('01'!I17+'01'!V17+'01'!I64+'01'!V64)+('02'!I17+'02'!V17+'02'!I64+'02'!V64)+('03'!I17+'03'!V17+'03'!I64+'03'!V64)+('04'!I17+'04'!V17+'04'!I64+'04'!V64)+('05'!I17+'05'!V17+'05'!I64+'05'!V64)+('06'!I17+'06'!V17+'06'!I64+'06'!V64)+('07'!I17+'07'!V17+'07'!I64+'07'!V64)+('08'!I17+'08'!V17+'08'!I64+'08'!V64)+('09'!I17+'09'!V17+'09'!I64+'09'!V64) -> 0 | ... L9: =('01'!K17+'01'!X17+'01'!K64+'01'!X64)+('02'!K17+'02'!X17+'02'!K64+'02'!X64)+('03'!K17+'03'!X17+'03'!K64+'03'!X64)+('04'!K17+'04'!X17+'04'!K64+'04'!X64)+('05'!K17+'05'!X17+'05'!K64+'05'!X64)+('06'!K17+'06'!X17+'06'!K64+'06'!X64)+('07'!K17+'07'!X17+'07'!K64+'07'!X64)+('08'!K17+'08'!X17+'08'!K64+'08'!X64)+('09'!K17+'09'!X17+'09'!K64+'09'!X64) -> 0 | M9: =SUM(C9:L9) -> 0 | N9: =M9*25 -> 0
B10: SP2 | C10: =('01'!B18+'01'!O18+'01'!B65+'01'!O65)+('02'!B18+'02'!O18+'02'!B65+'02'!O65)+('03'!B18+'03'!O18+'03'!B65+'03'!O65)+('04'!B18+'04'!O18+'04'!B65+'04'!O65)+('05'!B18+'05'!O18+'05'!B65+'05'!O65)+('06'!B18+'06'!O18+'06'!B65+'06'!O65)+('07'!B18+'07'!O18+'07'!B65+'07'!O65)+('08'!B18+'08'!O18+'08'!B65+'08'!O65)+('09'!B18+'09'!O18+'09'!B65+'09'!O65) -> 0 | D10: =('01'!C18+'01'!P18+'01'!C65+'01'!P65)+('02'!C18+'02'!P18+'02'!C65+'02'!P65)+('03'!C18+'03'!P18+'03'!C65+'03'!P65)+('04'!C18+'04'!P18+'04'!C65+'04'!P65)+('05'!C18+'05'!P18+'05'!C65+'05'!P65)+('06'!C18+'06'!P18+'06'!C65+'06'!P65)+('07'!C18+'07'!P18+'07'!C65+'07'!P65)+('08'!C18+'08'!P18+'08'!C65+'08'!P65)+('09'!C18+'09'!P18+'09'!C65+'09'!P65) -> 0 | E10: =('01'!D18+'01'!Q18+'01'!D65+'01'!Q65)+('02'!D18+'02'!Q18+'02'!D65+'02'!Q65)+('03'!D18+'03'!Q18+'03'!D65+'03'!Q65)+('04'!D18+'04'!Q18+'04'!D65+'04'!Q65)+('05'!D18+'05'!Q18+'05'!D65+'05'!Q65)+('06'!D18+'06'!Q18+'06'!D65+'06'!Q65)+('07'!D18+'07'!Q18+'07'!D65+'07'!Q65)+('08'!D18+'08'!Q18+'08'!D65+'08'!Q65)+('09'!D18+'09'!Q18+'09'!D65+'09'!Q65) -> 0 | F10: =('01'!E18+'01'!R18+'01'!E65+'01'!R65)+('02'!E18+'02'!R18+'02'!E65+'02'!R65)+('03'!E18+'03'!R18+'03'!E65+'03'!R65)+('04'!E18+'04'!R18+'04'!E65+'04'!R65)+('05'!E18+'05'!R18+'05'!E65+'05'!R65)+('06'!E18+'06'!R18+'06'!E65+'06'!R65)+('07'!E18+'07'!R18+'07'!E65+'07'!R65)+('08'!E18+'08'!R18+'08'!E65+'08'!R65)+('09'!E18+'09'!R18+'09'!E65+'09'!R65) -> 0 | G10: =('01'!F18+'01'!S18+'01'!F65+'01'!S65)+('02'!F18+'02'!S18+'02'!F65+'02'!S65)+('03'!F18+'03'!S18+'03'!F65+'03'!S65)+('04'!F18+'04'!S18+'04'!F65+'04'!S65)+('05'!F18+'05'!S18+'05'!F65+'05'!S65)+('06'!F18+'06'!S18+'06'!F65+'06'!S65)+('07'!F18+'07'!S18+'07'!F65+'07'!S65)+('08'!F18+'08'!S18+'08'!F65+'08'!S65)+('09'!F18+'09'!S18+'09'!F65+'09'!S65) -> 0 | H10: =('01'!G18+'01'!T18+'01'!G65+'01'!T65)+('02'!G18+'02'!T18+'02'!G65+'02'!T65)+('03'!G18+'03'!T18+'03'!G65+'03'!T65)+('04'!G18+'04'!T18+'04'!G65+'04'!T65)+('05'!G18+'05'!T18+'05'!G65+'05'!T65)+('06'!G18+'06'!T18+'06'!G65+'06'!T65)+('07'!G18+'07'!T18+'07'!G65+'07'!T65)+('08'!G18+'08'!T18+'08'!G65+'08'!T65)+('09'!G18+'09'!T18+'09'!G65+'09'!T65) -> 0 | I10: =('01'!H18+'01'!U18+'01'!H65+'01'!U65)+('02'!H18+'02'!U18+'02'!H65+'02'!U65)+('03'!H18+'03'!U18+'03'!H65+'03'!U65)+('04'!H18+'04'!U18+'04'!H65+'04'!U65)+('05'!H18+'05'!U18+'05'!H65+'05'!U65)+('06'!H18+'06'!U18+'06'!H65+'06'!U65)+('07'!H18+'07'!U18+'07'!H65+'07'!U65)+('08'!H18+'08'!U18+'08'!H65+'08'!U65)+('09'!H18+'09'!U18+'09'!H65+'09'!U65) -> 0 | J10: =('01'!I18+'01'!V18+'01'!I65+'01'!V65)+('02'!I18+'02'!V18+'02'!I65+'02'!V65)+('03'!I18+'03'!V18+'03'!I65+'03'!V65)+('04'!I18+'04'!V18+'04'!I65+'04'!V65)+('05'!I18+'05'!V18+'05'!I65+'05'!V65)+('06'!I18+'06'!V18+'06'!I65+'06'!V65)+('07'!I18+'07'!V18+'07'!I65+'07'!V65)+('08'!I18+'08'!V18+'08'!I65+'08'!V65)+('09'!I18+'09'!V18+'09'!I65+'09'!V65) -> 0 | ... L10: =('01'!K18+'01'!X18+'01'!K65+'01'!X65)+('02'!K18+'02'!X18+'02'!K65+'02'!X65)+('03'!K18+'03'!X18+'03'!K65+'03'!X65)+('04'!K18+'04'!X18+'04'!K65+'04'!X65)+('05'!K18+'05'!X18+'05'!K65+'05'!X65)+('06'!K18+'06'!X18+'06'!K65+'06'!X65)+('07'!K18+'07'!X18+'07'!K65+'07'!X65)+('08'!K18+'08'!X18+'08'!K65+'08'!X65)+('09'!K18+'09'!X18+'09'!K65+'09'!X65) -> 0 | M10: =SUM(C10:L10) -> 0 | N10: =M10*25 -> 0
B11: SP3 | C11: =('01'!B19+'01'!O19+'01'!B66+'01'!O66)+('02'!B19+'02'!O19+'02'!B66+'02'!O66)+('03'!B19+'03'!O19+'03'!B66+'03'!O66)+('04'!B19+'04'!O19+'04'!B66+'04'!O66)+('05'!B19+'05'!O19+'05'!B66+'05'!O66)+('06'!B19+'06'!O19+'06'!B66+'06'!O66)+('07'!B19+'07'!O19+'07'!B66+'07'!O66)+('08'!B19+'08'!O19+'08'!B66+'08'!O66)+('09'!B19+'09'!O19+'09'!B66+'09'!O66) -> 0 | D11: =('01'!C19+'01'!P19+'01'!C66+'01'!P66)+('02'!C19+'02'!P19+'02'!C66+'02'!P66)+('03'!C19+'03'!P19+'03'!C66+'03'!P66)+('04'!C19+'04'!P19+'04'!C66+'04'!P66)+('05'!C19+'05'!P19+'05'!C66+'05'!P66)+('06'!C19+'06'!P19+'06'!C66+'06'!P66)+('07'!C19+'07'!P19+'07'!C66+'07'!P66)+('08'!C19+'08'!P19+'08'!C66+'08'!P66)+('09'!C19+'09'!P19+'09'!C66+'09'!P66) -> 0 | E11: =('01'!D19+'01'!Q19+'01'!D66+'01'!Q66)+('02'!D19+'02'!Q19+'02'!D66+'02'!Q66)+('03'!D19+'03'!Q19+'03'!D66+'03'!Q66)+('04'!D19+'04'!Q19+'04'!D66+'04'!Q66)+('05'!D19+'05'!Q19+'05'!D66+'05'!Q66)+('06'!D19+'06'!Q19+'06'!D66+'06'!Q66)+('07'!D19+'07'!Q19+'07'!D66+'07'!Q66)+('08'!D19+'08'!Q19+'08'!D66+'08'!Q66)+('09'!D19+'09'!Q19+'09'!D66+'09'!Q66) -> 0 | F11: =('01'!E19+'01'!R19+'01'!E66+'01'!R66)+('02'!E19+'02'!R19+'02'!E66+'02'!R66)+('03'!E19+'03'!R19+'03'!E66+'03'!R66)+('04'!E19+'04'!R19+'04'!E66+'04'!R66)+('05'!E19+'05'!R19+'05'!E66+'05'!R66)+('06'!E19+'06'!R19+'06'!E66+'06'!R66)+('07'!E19+'07'!R19+'07'!E66+'07'!R66)+('08'!E19+'08'!R19+'08'!E66+'08'!R66)+('09'!E19+'09'!R19+'09'!E66+'09'!R66) -> 0 | G11: =('01'!F19+'01'!S19+'01'!F66+'01'!S66)+('02'!F19+'02'!S19+'02'!F66+'02'!S66)+('03'!F19+'03'!S19+'03'!F66+'03'!S66)+('04'!F19+'04'!S19+'04'!F66+'04'!S66)+('05'!F19+'05'!S19+'05'!F66+'05'!S66)+('06'!F19+'06'!S19+'06'!F66+'06'!S66)+('07'!F19+'07'!S19+'07'!F66+'07'!S66)+('08'!F19+'08'!S19+'08'!F66+'08'!S66)+('09'!F19+'09'!S19+'09'!F66+'09'!S66) -> 0 | H11: =('01'!G19+'01'!T19+'01'!G66+'01'!T66)+('02'!G19+'02'!T19+'02'!G66+'02'!T66)+('03'!G19+'03'!T19+'03'!G66+'03'!T66)+('04'!G19+'04'!T19+'04'!G66+'04'!T66)+('05'!G19+'05'!T19+'05'!G66+'05'!T66)+('06'!G19+'06'!T19+'06'!G66+'06'!T66)+('07'!G19+'07'!T19+'07'!G66+'07'!T66)+('08'!G19+'08'!T19+'08'!G66+'08'!T66)+('09'!G19+'09'!T19+'09'!G66+'09'!T66) -> 0 | I11: =('01'!H19+'01'!U19+'01'!H66+'01'!U66)+('02'!H19+'02'!U19+'02'!H66+'02'!U66)+('03'!H19+'03'!U19+'03'!H66+'03'!U66)+('04'!H19+'04'!U19+'04'!H66+'04'!U66)+('05'!H19+'05'!U19+'05'!H66+'05'!U66)+('06'!H19+'06'!U19+'06'!H66+'06'!U66)+('07'!H19+'07'!U19+'07'!H66+'07'!U66)+('08'!H19+'08'!U19+'08'!H66+'08'!U66)+('09'!H19+'09'!U19+'09'!H66+'09'!U66) -> 0 | J11: =('01'!I19+'01'!V19+'01'!I66+'01'!V66)+('02'!I19+'02'!V19+'02'!I66+'02'!V66)+('03'!I19+'03'!V19+'03'!I66+'03'!V66)+('04'!I19+'04'!V19+'04'!I66+'04'!V66)+('05'!I19+'05'!V19+'05'!I66+'05'!V66)+('06'!I19+'06'!V19+'06'!I66+'06'!V66)+('07'!I19+'07'!V19+'07'!I66+'07'!V66)+('08'!I19+'08'!V19+'08'!I66+'08'!V66)+('09'!I19+'09'!V19+'09'!I66+'09'!V66) -> 0 | ... L11: =('01'!K19+'01'!X19+'01'!K66+'01'!X66)+('02'!K19+'02'!X19+'02'!K66+'02'!X66)+('03'!K19+'03'!X19+'03'!K66+'03'!X66)+('04'!K19+'04'!X19+'04'!K66+'04'!X66)+('05'!K19+'05'!X19+'05'!K66+'05'!X66)+('06'!K19+'06'!X19+'06'!K66+'06'!X66)+('07'!K19+'07'!X19+'07'!K66+'07'!X66)+('08'!K19+'08'!X19+'08'!K66+'08'!X66)+('09'!K19+'09'!X19+'09'!K66+'09'!X66) -> 0 | M11: =SUM(C11:L11) -> 0 | N11: =M11*25 -> 0
B12: SP4 | C12: =('01'!B20+'01'!O20+'01'!B67+'01'!O67)+('02'!B20+'02'!O20+'02'!B67+'02'!O67)+('03'!B20+'03'!O20+'03'!B67+'03'!O67)+('04'!B20+'04'!O20+'04'!B67+'04'!O67)+('05'!B20+'05'!O20+'05'!B67+'05'!O67)+('06'!B20+'06'!O20+'06'!B67+'06'!O67)+('07'!B20+'07'!O20+'07'!B67+'07'!O67)+('08'!B20+'08'!O20+'08'!B67+'08'!O67)+('09'!B20+'09'!O20+'09'!B67+'09'!O67) -> 0 | D12: =('01'!C20+'01'!P20+'01'!C67+'01'!P67)+('02'!C20+'02'!P20+'02'!C67+'02'!P67)+('03'!C20+'03'!P20+'03'!C67+'03'!P67)+('04'!C20+'04'!P20+'04'!C67+'04'!P67)+('05'!C20+'05'!P20+'05'!C67+'05'!P67)+('06'!C20+'06'!P20+'06'!C67+'06'!P67)+('07'!C20+'07'!P20+'07'!C67+'07'!P67)+('08'!C20+'08'!P20+'08'!C67+'08'!P67)+('09'!C20+'09'!P20+'09'!C67+'09'!P67) -> 0 | E12: =('01'!D20+'01'!Q20+'01'!D67+'01'!Q67)+('02'!D20+'02'!Q20+'02'!D67+'02'!Q67)+('03'!D20+'03'!Q20+'03'!D67+'03'!Q67)+('04'!D20+'04'!Q20+'04'!D67+'04'!Q67)+('05'!D20+'05'!Q20+'05'!D67+'05'!Q67)+('06'!D20+'06'!Q20+'06'!D67+'06'!Q67)+('07'!D20+'07'!Q20+'07'!D67+'07'!Q67)+('08'!D20+'08'!Q20+'08'!D67+'08'!Q67)+('09'!D20+'09'!Q20+'09'!D67+'09'!Q67) -> 9 | F12: =('01'!E20+'01'!R20+'01'!E67+'01'!R67)+('02'!E20+'02'!R20+'02'!E67+'02'!R67)+('03'!E20+'03'!R20+'03'!E67+'03'!R67)+('04'!E20+'04'!R20+'04'!E67+'04'!R67)+('05'!E20+'05'!R20+'05'!E67+'05'!R67)+('06'!E20+'06'!R20+'06'!E67+'06'!R67)+('07'!E20+'07'!R20+'07'!E67+'07'!R67)+('08'!E20+'08'!R20+'08'!E67+'08'!R67)+('09'!E20+'09'!R20+'09'!E67+'09'!R67) -> 4 | G12: =('01'!F20+'01'!S20+'01'!F67+'01'!S67)+('02'!F20+'02'!S20+'02'!F67+'02'!S67)+('03'!F20+'03'!S20+'03'!F67+'03'!S67)+('04'!F20+'04'!S20+'04'!F67+'04'!S67)+('05'!F20+'05'!S20+'05'!F67+'05'!S67)+('06'!F20+'06'!S20+'06'!F67+'06'!S67)+('07'!F20+'07'!S20+'07'!F67+'07'!S67)+('08'!F20+'08'!S20+'08'!F67+'08'!S67)+('09'!F20+'09'!S20+'09'!F67+'09'!S67) -> 0 | H12: =('01'!G20+'01'!T20+'01'!G67+'01'!T67)+('02'!G20+'02'!T20+'02'!G67+'02'!T67)+('03'!G20+'03'!T20+'03'!G67+'03'!T67)+('04'!G20+'04'!T20+'04'!G67+'04'!T67)+('05'!G20+'05'!T20+'05'!G67+'05'!T67)+('06'!G20+'06'!T20+'06'!G67+'06'!T67)+('07'!G20+'07'!T20+'07'!G67+'07'!T67)+('08'!G20+'08'!T20+'08'!G67+'08'!T67)+('09'!G20+'09'!T20+'09'!G67+'09'!T67) -> 0 | I12: =('01'!H20+'01'!U20+'01'!H67+'01'!U67)+('02'!H20+'02'!U20+'02'!H67+'02'!U67)+('03'!H20+'03'!U20+'03'!H67+'03'!U67)+('04'!H20+'04'!U20+'04'!H67+'04'!U67)+('05'!H20+'05'!U20+'05'!H67+'05'!U67)+('06'!H20+'06'!U20+'06'!H67+'06'!U67)+('07'!H20+'07'!U20+'07'!H67+'07'!U67)+('08'!H20+'08'!U20+'08'!H67+'08'!U67)+('09'!H20+'09'!U20+'09'!H67+'09'!U67) -> 0 | J12: =('01'!I20+'01'!V20+'01'!I67+'01'!V67)+('02'!I20+'02'!V20+'02'!I67+'02'!V67)+('03'!I20+'03'!V20+'03'!I67+'03'!V67)+('04'!I20+'04'!V20+'04'!I67+'04'!V67)+('05'!I20+'05'!V20+'05'!I67+'05'!V67)+('06'!I20+'06'!V20+'06'!I67+'06'!V67)+('07'!I20+'07'!V20+'07'!I67+'07'!V67)+('08'!I20+'08'!V20+'08'!I67+'08'!V67)+('09'!I20+'09'!V20+'09'!I67+'09'!V67) -> 0 | ... L12: =('01'!K20+'01'!X20+'01'!K67+'01'!X67)+('02'!K20+'02'!X20+'02'!K67+'02'!X67)+('03'!K20+'03'!X20+'03'!K67+'03'!X67)+('04'!K20+'04'!X20+'04'!K67+'04'!X67)+('05'!K20+'05'!X20+'05'!K67+'05'!X67)+('06'!K20+'06'!X20+'06'!K67+'06'!X67)+('07'!K20+'07'!X20+'07'!K67+'07'!X67)+('08'!K20+'08'!X20+'08'!K67+'08'!X67)+('09'!K20+'09'!X20+'09'!K67+'09'!X67) -> 0 | M12: =SUM(C12:L12) -> 13 | N12: =M12*25 -> 325
B13: SP5 | C13: =('01'!B21+'01'!O21+'01'!B68+'01'!O68)+('02'!B21+'02'!O21+'02'!B68+'02'!O68)+('03'!B21+'03'!O21+'03'!B68+'03'!O68)+('04'!B21+'04'!O21+'04'!B68+'04'!O68)+('05'!B21+'05'!O21+'05'!B68+'05'!O68)+('06'!B21+'06'!O21+'06'!B68+'06'!O68)+('07'!B21+'07'!O21+'07'!B68+'07'!O68)+('08'!B21+'08'!O21+'08'!B68+'08'!O68)+('09'!B21+'09'!O21+'09'!B68+'09'!O68) -> 0 | D13: =('01'!C21+'01'!P21+'01'!C68+'01'!P68)+('02'!C21+'02'!P21+'02'!C68+'02'!P68)+('03'!C21+'03'!P21+'03'!C68+'03'!P68)+('04'!C21+'04'!P21+'04'!C68+'04'!P68)+('05'!C21+'05'!P21+'05'!C68+'05'!P68)+('06'!C21+'06'!P21+'06'!C68+'06'!P68)+('07'!C21+'07'!P21+'07'!C68+'07'!P68)+('08'!C21+'08'!P21+'08'!C68+'08'!P68)+('09'!C21+'09'!P21+'09'!C68+'09'!P68) -> 0 | E13: =('01'!D21+'01'!Q21+'01'!D68+'01'!Q68)+('02'!D21+'02'!Q21+'02'!D68+'02'!Q68)+('03'!D21+'03'!Q21+'03'!D68+'03'!Q68)+('04'!D21+'04'!Q21+'04'!D68+'04'!Q68)+('05'!D21+'05'!Q21+'05'!D68+'05'!Q68)+('06'!D21+'06'!Q21+'06'!D68+'06'!Q68)+('07'!D21+'07'!Q21+'07'!D68+'07'!Q68)+('08'!D21+'08'!Q21+'08'!D68+'08'!Q68)+('09'!D21+'09'!Q21+'09'!D68+'09'!Q68) -> 0 | F13: =('01'!E21+'01'!R21+'01'!E68+'01'!R68)+('02'!E21+'02'!R21+'02'!E68+'02'!R68)+('03'!E21+'03'!R21+'03'!E68+'03'!R68)+('04'!E21+'04'!R21+'04'!E68+'04'!R68)+('05'!E21+'05'!R21+'05'!E68+'05'!R68)+('06'!E21+'06'!R21+'06'!E68+'06'!R68)+('07'!E21+'07'!R21+'07'!E68+'07'!R68)+('08'!E21+'08'!R21+'08'!E68+'08'!R68)+('09'!E21+'09'!R21+'09'!E68+'09'!R68) -> 0 | G13: =('01'!F21+'01'!S21+'01'!F68+'01'!S68)+('02'!F21+'02'!S21+'02'!F68+'02'!S68)+('03'!F21+'03'!S21+'03'!F68+'03'!S68)+('04'!F21+'04'!S21+'04'!F68+'04'!S68)+('05'!F21+'05'!S21+'05'!F68+'05'!S68)+('06'!F21+'06'!S21+'06'!F68+'06'!S68)+('07'!F21+'07'!S21+'07'!F68+'07'!S68)+('08'!F21+'08'!S21+'08'!F68+'08'!S68)+('09'!F21+'09'!S21+'09'!F68+'09'!S68) -> 0 | H13: =('01'!G21+'01'!T21+'01'!G68+'01'!T68)+('02'!G21+'02'!T21+'02'!G68+'02'!T68)+('03'!G21+'03'!T21+'03'!G68+'03'!T68)+('04'!G21+'04'!T21+'04'!G68+'04'!T68)+('05'!G21+'05'!T21+'05'!G68+'05'!T68)+('06'!G21+'06'!T21+'06'!G68+'06'!T68)+('07'!G21+'07'!T21+'07'!G68+'07'!T68)+('08'!G21+'08'!T21+'08'!G68+'08'!T68)+('09'!G21+'09'!T21+'09'!G68+'09'!T68) -> 0 | I13: =('01'!H21+'01'!U21+'01'!H68+'01'!U68)+('02'!H21+'02'!U21+'02'!H68+'02'!U68)+('03'!H21+'03'!U21+'03'!H68+'03'!U68)+('04'!H21+'04'!U21+'04'!H68+'04'!U68)+('05'!H21+'05'!U21+'05'!H68+'05'!U68)+('06'!H21+'06'!U21+'06'!H68+'06'!U68)+('07'!H21+'07'!U21+'07'!H68+'07'!U68)+('08'!H21+'08'!U21+'08'!H68+'08'!U68)+('09'!H21+'09'!U21+'09'!H68+'09'!U68) -> 0 | J13: =('01'!I21+'01'!V21+'01'!I68+'01'!V68)+('02'!I21+'02'!V21+'02'!I68+'02'!V68)+('03'!I21+'03'!V21+'03'!I68+'03'!V68)+('04'!I21+'04'!V21+'04'!I68+'04'!V68)+('05'!I21+'05'!V21+'05'!I68+'05'!V68)+('06'!I21+'06'!V21+'06'!I68+'06'!V68)+('07'!I21+'07'!V21+'07'!I68+'07'!V68)+('08'!I21+'08'!V21+'08'!I68+'08'!V68)+('09'!I21+'09'!V21+'09'!I68+'09'!V68) -> 0 | ... L13: =('01'!K21+'01'!X21+'01'!K68+'01'!X68)+('02'!K21+'02'!X21+'02'!K68+'02'!X68)+('03'!K21+'03'!X21+'03'!K68+'03'!X68)+('04'!K21+'04'!X21+'04'!K68+'04'!X68)+('05'!K21+'05'!X21+'05'!K68+'05'!X68)+('06'!K21+'06'!X21+'06'!K68+'06'!X68)+('07'!K21+'07'!X21+'07'!K68+'07'!X68)+('08'!K21+'08'!X21+'08'!K68+'08'!X68)+('09'!K21+'09'!X21+'09'!K68+'09'!X68) -> 0 | M13: =SUM(C13:L13) -> 0 | N13: =M13*25 -> 0
B14: SP6 | C14: =('01'!B22+'01'!O22+'01'!B69+'01'!O69)+('02'!B22+'02'!O22+'02'!B69+'02'!O69)+('03'!B22+'03'!O22+'03'!B69+'03'!O69)+('04'!B22+'04'!O22+'04'!B69+'04'!O69)+('05'!B22+'05'!O22+'05'!B69+'05'!O69)+('06'!B22+'06'!O22+'06'!B69+'06'!O69)+('07'!B22+'07'!O22+'07'!B69+'07'!O69)+('08'!B22+'08'!O22+'08'!B69+'08'!O69)+('09'!B22+'09'!O22+'09'!B69+'09'!O69) -> 0 | D14: =('01'!C22+'01'!P22+'01'!C69+'01'!P69)+('02'!C22+'02'!P22+'02'!C69+'02'!P69)+('03'!C22+'03'!P22+'03'!C69+'03'!P69)+('04'!C22+'04'!P22+'04'!C69+'04'!P69)+('05'!C22+'05'!P22+'05'!C69+'05'!P69)+('06'!C22+'06'!P22+'06'!C69+'06'!P69)+('07'!C22+'07'!P22+'07'!C69+'07'!P69)+('08'!C22+'08'!P22+'08'!C69+'08'!P69)+('09'!C22+'09'!P22+'09'!C69+'09'!P69) -> 0 | E14: =('01'!D22+'01'!Q22+'01'!D69+'01'!Q69)+('02'!D22+'02'!Q22+'02'!D69+'02'!Q69)+('03'!D22+'03'!Q22+'03'!D69+'03'!Q69)+('04'!D22+'04'!Q22+'04'!D69+'04'!Q69)+('05'!D22+'05'!Q22+'05'!D69+'05'!Q69)+('06'!D22+'06'!Q22+'06'!D69+'06'!Q69)+('07'!D22+'07'!Q22+'07'!D69+'07'!Q69)+('08'!D22+'08'!Q22+'08'!D69+'08'!Q69)+('09'!D22+'09'!Q22+'09'!D69+'09'!Q69) -> 0 | F14: =('01'!E22+'01'!R22+'01'!E69+'01'!R69)+('02'!E22+'02'!R22+'02'!E69+'02'!R69)+('03'!E22+'03'!R22+'03'!E69+'03'!R69)+('04'!E22+'04'!R22+'04'!E69+'04'!R69)+('05'!E22+'05'!R22+'05'!E69+'05'!R69)+('06'!E22+'06'!R22+'06'!E69+'06'!R69)+('07'!E22+'07'!R22+'07'!E69+'07'!R69)+('08'!E22+'08'!R22+'08'!E69+'08'!R69)+('09'!E22+'09'!R22+'09'!E69+'09'!R69) -> 0 | G14: =('01'!F22+'01'!S22+'01'!F69+'01'!S69)+('02'!F22+'02'!S22+'02'!F69+'02'!S69)+('03'!F22+'03'!S22+'03'!F69+'03'!S69)+('04'!F22+'04'!S22+'04'!F69+'04'!S69)+('05'!F22+'05'!S22+'05'!F69+'05'!S69)+('06'!F22+'06'!S22+'06'!F69+'06'!S69)+('07'!F22+'07'!S22+'07'!F69+'07'!S69)+('08'!F22+'08'!S22+'08'!F69+'08'!S69)+('09'!F22+'09'!S22+'09'!F69+'09'!S69) -> 0 | H14: =('01'!G22+'01'!T22+'01'!G69+'01'!T69)+('02'!G22+'02'!T22+'02'!G69+'02'!T69)+('03'!G22+'03'!T22+'03'!G69+'03'!T69)+('04'!G22+'04'!T22+'04'!G69+'04'!T69)+('05'!G22+'05'!T22+'05'!G69+'05'!T69)+('06'!G22+'06'!T22+'06'!G69+'06'!T69)+('07'!G22+'07'!T22+'07'!G69+'07'!T69)+('08'!G22+'08'!T22+'08'!G69+'08'!T69)+('09'!G22+'09'!T22+'09'!G69+'09'!T69) -> 0 | I14: =('01'!H22+'01'!U22+'01'!H69+'01'!U69)+('02'!H22+'02'!U22+'02'!H69+'02'!U69)+('03'!H22+'03'!U22+'03'!H69+'03'!U69)+('04'!H22+'04'!U22+'04'!H69+'04'!U69)+('05'!H22+'05'!U22+'05'!H69+'05'!U69)+('06'!H22+'06'!U22+'06'!H69+'06'!U69)+('07'!H22+'07'!U22+'07'!H69+'07'!U69)+('08'!H22+'08'!U22+'08'!H69+'08'!U69)+('09'!H22+'09'!U22+'09'!H69+'09'!U69) -> 0 | J14: =('01'!I22+'01'!V22+'01'!I69+'01'!V69)+('02'!I22+'02'!V22+'02'!I69+'02'!V69)+('03'!I22+'03'!V22+'03'!I69+'03'!V69)+('04'!I22+'04'!V22+'04'!I69+'04'!V69)+('05'!I22+'05'!V22+'05'!I69+'05'!V69)+('06'!I22+'06'!V22+'06'!I69+'06'!V69)+('07'!I22+'07'!V22+'07'!I69+'07'!V69)+('08'!I22+'08'!V22+'08'!I69+'08'!V69)+('09'!I22+'09'!V22+'09'!I69+'09'!V69) -> 0 | ... L14: =('01'!K22+'01'!X22+'01'!K69+'01'!X69)+('02'!K22+'02'!X22+'02'!K69+'02'!X69)+('03'!K22+'03'!X22+'03'!K69+'03'!X69)+('04'!K22+'04'!X22+'04'!K69+'04'!X69)+('05'!K22+'05'!X22+'05'!K69+'05'!X69)+('06'!K22+'06'!X22+'06'!K69+'06'!X69)+('07'!K22+'07'!X22+'07'!K69+'07'!X69)+('08'!K22+'08'!X22+'08'!K69+'08'!X69)+('09'!K22+'09'!X22+'09'!K69+'09'!X69) -> 0 | M14: =SUM(C14:L14) -> 0 | N14: =M14*25 -> 0
... B41: Jaula | C41: =('01'!B49+'01'!O49+'01'!B96+'01'!O96)+('02'!B49+'02'!O49+'02'!B96+'02'!O96)+('03'!B49+'03'!O49+'03'!B96+'03'!O96)+('04'!B49+'04'!O49+'04'!B96+'04'!O96)+('05'!B49+'05'!O49+'05'!B96+'05'!O96)+('06'!B49+'06'!O49+'06'!B96+'06'!O96)+('07'!B49+'07'!O49+'07'!B96+'07'!O96)+('08'!B49+'08'!O49+'08'!B96+'08'!O96)+('09'!B49+'09'!O49+'09'!B96+'09'!O96) -> 0 | D41: =('01'!C49+'01'!P49+'01'!C96+'01'!P96)+('02'!C49+'02'!P49+'02'!C96+'02'!P96)+('03'!C49+'03'!P49+'03'!C96+'03'!P96)+('04'!C49+'04'!P49+'04'!C96+'04'!P96)+('05'!C49+'05'!P49+'05'!C96+'05'!P96)+('06'!C49+'06'!P49+'06'!C96+'06'!P96)+('07'!C49+'07'!P49+'07'!C96+'07'!P96)+('08'!C49+'08'!P49+'08'!C96+'08'!P96)+('09'!C49+'09'!P49+'09'!C96+'09'!P96) -> 0 | E41: =('01'!D49+'01'!Q49+'01'!D96+'01'!Q96)+('02'!D49+'02'!Q49+'02'!D96+'02'!Q96)+('03'!D49+'03'!Q49+'03'!D96+'03'!Q96)+('04'!D49+'04'!Q49+'04'!D96+'04'!Q96)+('05'!D49+'05'!Q49+'05'!D96+'05'!Q96)+('06'!D49+'06'!Q49+'06'!D96+'06'!Q96)+('07'!D49+'07'!Q49+'07'!D96+'07'!Q96)+('08'!D49+'08'!Q49+'08'!D96+'08'!Q96)+('09'!D49+'09'!Q49+'09'!D96+'09'!Q96) -> 0 | F41: =('01'!E49+'01'!R49+'01'!E96+'01'!R96)+('02'!E49+'02'!R49+'02'!E96+'02'!R96)+('03'!E49+'03'!R49+'03'!E96+'03'!R96)+('04'!E49+'04'!R49+'04'!E96+'04'!R96)+('05'!E49+'05'!R49+'05'!E96+'05'!R96)+('06'!E49+'06'!R49+'06'!E96+'06'!R96)+('07'!E49+'07'!R49+'07'!E96+'07'!R96)+('08'!E49+'08'!R49+'08'!E96+'08'!R96)+('09'!E49+'09'!R49+'09'!E96+'09'!R96) -> 0 | G41: =('01'!F49+'01'!S49+'01'!F96+'01'!S96)+('02'!F49+'02'!S49+'02'!F96+'02'!S96)+('03'!F49+'03'!S49+'03'!F96+'03'!S96)+('04'!F49+'04'!S49+'04'!F96+'04'!S96)+('05'!F49+'05'!S49+'05'!F96+'05'!S96)+('06'!F49+'06'!S49+'06'!F96+'06'!S96)+('07'!F49+'07'!S49+'07'!F96+'07'!S96)+('08'!F49+'08'!S49+'08'!F96+'08'!S96)+('09'!F49+'09'!S49+'09'!F96+'09'!S96) -> 0 | H41: =('01'!G49+'01'!T49+'01'!G96+'01'!T96)+('02'!G49+'02'!T49+'02'!G96+'02'!T96)+('03'!G49+'03'!T49+'03'!G96+'03'!T96)+('04'!G49+'04'!T49+'04'!G96+'04'!T96)+('05'!G49+'05'!T49+'05'!G96+'05'!T96)+('06'!G49+'06'!T49+'06'!G96+'06'!T96)+('07'!G49+'07'!T49+'07'!G96+'07'!T96)+('08'!G49+'08'!T49+'08'!G96+'08'!T96)+('09'!G49+'09'!T49+'09'!G96+'09'!T96) -> 0 | I41: =('01'!H49+'01'!U49+'01'!H96+'01'!U96)+('02'!H49+'02'!U49+'02'!H96+'02'!U96)+('03'!H49+'03'!U49+'03'!H96+'03'!U96)+('04'!H49+'04'!U49+'04'!H96+'04'!U96)+('05'!H49+'05'!U49+'05'!H96+'05'!U96)+('06'!H49+'06'!U49+'06'!H96+'06'!U96)+('07'!H49+'07'!U49+'07'!H96+'07'!U96)+('08'!H49+'08'!U49+'08'!H96+'08'!U96)+('09'!H49+'09'!U49+'09'!H96+'09'!U96) -> 0 | J41: =('01'!I49+'01'!V49+'01'!I96+'01'!V96)+('02'!I49+'02'!V49+'02'!I96+'02'!V96)+('03'!I49+'03'!V49+'03'!I96+'03'!V96)+('04'!I49+'04'!V49+'04'!I96+'04'!V96)+('05'!I49+'05'!V49+'05'!I96+'05'!V96)+('06'!I49+'06'!V49+'06'!I96+'06'!V96)+('07'!I49+'07'!V49+'07'!I96+'07'!V96)+('08'!I49+'08'!V49+'08'!I96+'08'!V96)+('09'!I49+'09'!V49+'09'!I96+'09'!V96) -> 0 | ... L41: =('01'!K49+'01'!X49+'01'!K96+'01'!X96)+('02'!K49+'02'!X49+'02'!K96+'02'!X96)+('03'!K49+'03'!X49+'03'!K96+'03'!X96)+('04'!K49+'04'!X49+'04'!K96+'04'!X96)+('05'!K49+'05'!X49+'05'!K96+'05'!X96)+('06'!K49+'06'!X49+'06'!K96+'06'!X96)+('07'!K49+'07'!X49+'07'!K96+'07'!X96)+('08'!K49+'08'!X49+'08'!K96+'08'!X96)+('09'!K49+'09'!X49+'09'!K96+'09'!X96) -> 0 | M41: =SUM(C41:L41) -> 0 | N41: =M41*25 -> 0
N42: =SUM(N3:N41) -> 13225

Sheet Hoja21
A3: Etiquetas de fila | B3: Suma de Thalassa 0.9 -1.6 | C3: Suma de Thalassa 1.3 - 2.0 | D3: Suma de 3 mm progress ex | E3: Suma de 4.5 mm Progress | F3: Suma de 6 mm Progress | G3: Suma de 8 mm Progress | H3: Suma de 8 mm Reproductor
A4: Candelaria | B4: 0 | C4: 0 | D4: 200 | E4: 75 | F4: 75 | G4: 0 | H4: 0
A5: Caridad | B5: 0 | C5: 320 | D5: 425 | E5: 0 | F5: 0 | G5: 0 | H5: 0
A6: Del Carmen | B6: 0 | C6: 0 | D6: 0 | E6: 0 | F6: 425 | G6: 450 | H6: 0
A7: Dolores | B7: 0 | C7: 0 | D7: 0 | E7: 0 | F7: 200 | G7: 300 | H7: 0
A8: Loudes | B8: 0 | C8: 0 | D8: 225 | E8: 0 | F8: 75 | G8: 0 | H8: 50
A9: Ocetra | B9: 0 | C9: 0 | D9: 0 | E9: 0 | F9: 4050 | G9: 2300 | H9: 975
A10: Pilar | B10: 0 | C10: 0 | D10: 175 | E10: 100 | F10: 900 | G10: 0 | H10: 0
A11: Rosa | B11: 0 | C11: 0 | D11: 0 | E11: 0 | F11: 200 | G11: 0 | H11: 0
A12: Rosario | B12: 0 | C12: 0 | D12: 0 | E12: 0 | F12: 1000 | G12: 300 | H12: 0
A13: Victoria | B13: 0 | C13: 0 | D13: 225 | E13: 100 | F13: 0 | G13: 0 | H13: 0
A14: Total general | B14: 0 | C14: 320 | D14: 1250 | E14: 275 | F14: 6925 | G14: 3350 | H14: 1025

Sheet Total Consumo Mensual
A1: Registro | B1: PC 01.1 | D1: Programa de Crianza
A2: Versión: | B2: 0.24
A3: Fecha: | B3: 44701 | D3: RESUMEN MENSUAL EXISTENCIAS
A4: Elaborado Por: | B4: A - Vial
A5: Modificado por: | B5: R - Gatica | J5: Mayo
A6: Aprobado Por | B6: A - Vial | D6: Acuícola Alas S.A., Ruta 5 sur, Km 338, VII región, Parral
A7: Hojas: | B7: 1 de 2
A9: Alimentacion Consumida Mensual kg
A11: Ubicación | C11: Origen | D11: =Total!C2 -> Thalassa 0.9 -1.6 | E11: =Total!D2 -> Thalassa 1.3 - 2.0 | F11: =Total!E2 -> 3 mm progress ex | G11: =Total!F2 -> 4.5 mm Progress | H11: =Total!G2 -> 6 mm Progress | I11: =Total!H2 -> 8 mm Progress | J11: =Total!I2 -> 8 mm Reproductor | K11: =Total!J2 -> 0 | ... M11: =Total!L2 -> 0
A12: Lag. Sur Oriente | B12: =Total!B3 -> SO1 | C12: Ocetra | D12: =Total!C3*20 -> 0 | E12: =Total!D3*20 -> 0 | F12: =Total!E3*25 -> 0 | G12: =Total!F3*25 -> 0 | H12: =Total!G3*25 -> 0 | I12: =Total!H3*25 -> 0 | J12: =Total!I3*25 -> 0 | K12: =Total!J3*25 -> 0 | L12: =Total!K3*25 -> 0 | M12: =Total!L3*25 -> 0 | N12: =+B12 -> SO1
B13: =Total!B4 -> SO2 | C13: Ocetra | D13: =Total!C4*20 -> 0 | E13: =Total!D4*20 -> 0 | F13: =Total!E4*25 -> 0 | G13: =Total!F4*25 -> 0 | H13: =Total!G4*25 -> 0 | I13: =Total!H4*25 -> 0 | J13: =Total!I4*25 -> 0 | K13: =Total!J4*25 -> 0 | L13: =Total!K4*25 -> 0 | M13: =Total!L4*25 -> 0 | N13: =+B13 -> SO2
B14: =Total!B5 -> SO3 | C14: Ocetra | D14: =Total!C5*20 -> 0 | E14: =Total!D5*20 -> 0 | F14: =Total!E5*25 -> 0 | G14: =Total!F5*25 -> 0 | H14: =Total!G5*25 -> 0 | I14: =Total!H5*25 -> 0 | J14: =Total!I5*25 -> 0 | K14: =Total!J5*25 -> 0 | L14: =Total!K5*25 -> 0 | M14: =Total!L5*25 -> 0 | N14: =+B14 -> SO3
B15: =Total!B6 -> SO4 | C15: Ocetra | D15: =Total!C6*20 -> 0 | E15: =Total!D6*20 -> 0 | F15: =Total!E6*25 -> 0 | G15: =Total!F6*25 -> 0 | H15: =Total!G6*25 -> 0 | I15: =Total!H6*25 -> 0 | J15: =Total!I6*25 -> 0 | K15: =Total!J6*25 -> 0 | L15: =Total!K6*25 -> 0 | M15: =Total!L6*25 -> 0 | N15: =+B15 -> SO4
B16: =Total!B7 -> SO5 | C16: Ocetra | D16: =Total!C7*20 -> 0 | E16: =Total!D7*20 -> 0 | F16: =Total!E7*25 -> 0 | G16: =Total!F7*25 -> 0 | H16: =Total!G7*25 -> 0 | I16: =Total!H7*25 -> 0 | J16: =Total!I7*25 -> 0 | K16: =Total!J7*25 -> 0 | L16: =Total!K7*25 -> 0 | M16: =Total!L7*25 -> 0 | N16: =+B16 -> SO5
B17: =Total!B8 -> SO6 | C17: Ocetra | D17: =Total!C8*20 -> 0 | E17: =Total!D8*20 -> 0 | F17: =Total!E8*25 -> 0 | G17: =Total!F8*25 -> 0 | H17: =Total!G8*25 -> 0 | I17: =Total!H8*25 -> 0 | J17: =Total!I8*25 -> 0 | K17: =Total!J8*25 -> 0 | L17: =Total!K8*25 -> 0 | M17: =Total!L8*25 -> 0 | N17: =+B17 -> SO6
A18: Lag. Sur Poniente | B18: =Total!B9 -> SP1 | C18: Ocetra | D18: =Total!C9*20 -> 0 | E18: =Total!D9*20 -> 0 | F18: =Total!E9*25 -> 0 | G18: =Total!F9*25 -> 0 | H18: =Total!G9*25 -> 0 | I18: =Total!H9*25 -> 0 | J18: =Total!I9*25 -> 0 | K18: =Total!J9*25 -> 0 | L18: =Total!K9*25 -> 0 | M18: =Total!L9*25 -> 0
B19: =Total!B10 -> SP2 | C19: Ocetra | D19: =Total!C10*20 -> 0 | E19: =Total!D10*20 -> 0 | F19: =Total!E10*25 -> 0 | G19: =Total!F10*25 -> 0 | H19: =Total!G10*25 -> 0 | I19: =Total!H10*25 -> 0 | J19: =Total!I10*25 -> 0 | K19: =Total!J10*25 -> 0 | L19: =Total!K10*25 -> 0 | M19: =Total!L10*25 -> 0
B20: =Total!B11 -> SP3 | C20: Ocetra | D20: =Total!C11*20 -> 0 | E20: =Total!D11*20 -> 0 | F20: =Total!E11*25 -> 0 | G20: =Total!F11*25 -> 0 | H20: =Total!G11*25 -> 0 | I20: =Total!H11*25 -> 0 | J20: =Total!I11*25 -> 0 | K20: =Total!J11*25 -> 0 | L20: =Total!K11*25 -> 0 | M20: =Total!L11*25 -> 0
B21: =Total!B12 -> SP4 | C21: Victoria | D21: =Total!C12*20 -> 0 | E21: =Total!D12*20 -> 0 | F21: =Total!E12*25 -> 225 | G21: =Total!F12*25 -> 100 | H21: =Total!G12*25 -> 0 | I21: =Total!H12*25 -> 0 | J21: =Total!I12*25 -> 0 | K21: =Total!J12*25 -> 0 | L21: =Total!K12*25 -> 0 | M21: =Total!L12*25 -> 0
B22: =Total!B13 -> SP5 | C22: Ocetra | D22: =Total!C13*20 -> 0 | E22: =Total!D13*20 -> 0 | F22: =Total!E13*25 -> 0 | G22: =Total!F13*25 -> 0 | H22: =Total!G13*25 -> 0 | I22: =Total!H13*25 -> 0 | J22: =Total!I13*25 -> 0 | K22: =Total!J13*25 -> 0 | L22: =Total!K13*25 -> 0 | M22: =Total!L13*25 -> 0
B23: =Total!B14 -> SP6 | C23: Del Carmen | D23: =Total!C14*20 -> 0 | E23: =Total!D14*20 -> 0 | F23: =Total!E14*25 -> 0 | G23: =Total!F14*25 -> 0 | H23: =Total!G14*25 -> 0 | I23: =Total!H14*25 -> 0 | J23: =Total!I14*25 -> 0 | K23: =Total!J14*25 -> 0 | L23: =Total!K14*25 -> 0 | M23: =Total!L14*25 -> 0
A24: Lag Nor Oriente | B24: =Total!B15 -> NO1 | C24: Rosario | D24: =Total!C15*20 -> 0 | E24: =Total!D15*20 -> 0 | F24: =Total!E15*25 -> 0 | G24: =Total!F15*25 -> 0 | H24: =Total!G15*25 -> 550 | I24: =Total!H15*25 -> 150 | J24: =Total!I15*25 -> 0 | K24: =Total!J15*25 -> 0 | L24: =Total!K15*25 -> 0 | M24: =Total!L15*25 -> 0
B25: =Total!B16 -> NO2 | C25: Pilar | D25: =Total!C16*20 -> 0 | E25: =Total!D16*20 -> 0 | F25: =Total!E16*25 -> 75 | G25: =Total!F16*25 -> 50 | H25: =Total!G16*25 -> 450 | I25: =Total!H16*25 -> 0 | J25: =Total!I16*25 -> 0 | K25: =Total!J16*25 -> 0 | L25: =Total!K16*25 -> 0 | M25: =Total!L16*25 -> 0
B26: =Total!B17 -> NO3 | C26: Pilar | D26: =Total!C17*20 -> 0 | E26: =Total!D17*20 -> 0 | F26: =Total!E17*25 -> 100 | G26: =Total!F17*25 -> 50 | H26: =Total!G17*25 -> 450 | I26: =Total!H17*25 -> 0 | J26: =Total!I17*25 -> 0 | K26: =Total!J17*25 -> 0 | L26: =Total!K17*25 -> 0 | M26: =Total!L17*25 -> 0
B27: =Total!B18 -> NO4 | C27: Del carmen | D27: =Total!C18*20 -> 0 | E27: =Total!D18*20 -> 0 | F27: =Total!E18*25 -> 0 | G27: =Total!F18*25 -> 0 | H27: =Total!G18*25 -> 350 | I27: =Total!H18*25 -> 450 | J27: =Total!I18*25 -> 0 | K27: =Total!J18*25 -> 0 | L27: =Total!K18*25 -> 0 | M27: =Total!L18*25 -> 0
B28: =Total!B19 -> NO5 | C28: Candelaria | D28: =Total!C19*20 -> 0 | E28: =Total!D19*20 -> 0 | F28: =Total!E19*25 -> 200 | G28: =Total!F19*25 -> 75 | H28: =Total!G19*25 -> 75 | I28: =Total!H19*25 -> 0 | J28: =Total!I19*25 -> 0 | K28: =Total!J19*25 -> 0 | L28: =Total!K19*25 -> 0 | M28: =Total!L19*25 -> 0
B29: =Total!B20 -> NO6 | C29: Rosario | D29: =Total!C20*20 -> 0 | E29: =Total!D20*20 -> 0 | F29: =Total!E20*25 -> 0 | G29: =Total!F20*25 -> 0 | H29: =Total!G20*25 -> 450 | I29: =Total!H20*25 -> 150 | J29: =Total!I20*25 -> 0 | K29: =Total!J20*25 -> 0 | L29: =Total!K20*25 -> 0 | M29: =Total!L20*25 -> 0
A30: Laguna Nor Central | B30: =Total!B21 -> NC1 | C30: Ocetra | D30: =Total!C21*20 -> 0 | E30: =Total!D21*20 -> 0 | F30: =Total!E21*25 -> 0 | G30: =Total!F21*25 -> 0 | H30: =Total!G21*25 -> 550 | I30: =Total!H21*25 -> 225 | J30: =Total!I21*25 -> 0 | K30: =Total!J21*25 -> 0 | L30: =Total!K21*25 -> 0 | M30: =Total!L21*25 -> 0
B31: =Total!B22 -> NC2 | C31: Ocetra | D31: =Total!C22*20 -> 0 | E31: =Total!D22*20 -> 0 | F31: =Total!E22*25 -> 0 | G31: =Total!F22*25 -> 0 | H31: =Total!G22*25 -> 500 | I31: =Total!H22*25 -> 225 | J31: =Total!I22*25 -> 0 | K31: =Total!J22*25 -> 0 | L31: =Total!K22*25 -> 0 | M31: =Total!L22*25 -> 0
B32: =Total!B23 -> NC3 | C32: Ocetra | D32: =Total!C23*20 -> 0 | E32: =Total!D23*20 -> 0 | F32: =Total!E23*25 -> 0 | G32: =Total!F23*25 -> 0 | H32: =Total!G23*25 -> 500 | I32: =Total!H23*25 -> 225 | J32: =Total!I23*25 -> 0 | K32: =Total!J23*25 -> 0 | L32: =Total!K23*25 -> 0 | M32: =Total!L23*25 -> 0
B33: =Total!B24 -> NC4 | C33: Ocetra | D33: =Total!C24*20 -> 0 | E33: =Total!D24*20 -> 0 | F33: =Total!E24*25 -> 0 | G33: =Total!F24*25 -> 0 | H33: =Total!G24*25 -> 375 | I33: =Total!H24*25 -> 275 | J33: =Total!I24*25 -> 0 | K33: =Total!J24*25 -> 0 | L33: =Total!K24*25 -> 0 | M33: =Total!L24*25 -> 0
B34: =Total!B25 -> NC5 | C34: Ocetra | D34: =Total!C25*20 -> 0 | E34: =Total!D25*20 -> 0 | F34: =Total!E25*25 -> 0 | G34: =Total!F25*25 -> 0 | H34: =Total!G25*25 -> 325 | I34: =Total!H25*25 -> 150 | J34: =Total!I25*25 -> 150 | K34: =Total!J25*25 -> 0 | L34: =Total!K25*25 -> 0 | M34: =Total!L25*25 -> 0
B35: =Total!B26 -> NC6 | C35: Ocetra | D35: =Total!C26*20 -> 0 | E35: =Total!D26*20 -> 0 | F35: =Total!E26*25 -> 0 | G35: =Total!F26*25 -> 0 | H35: =Total!G26*25 -> 325 | I35: =Total!H26*25 -> 150 | J35: =Total!I26*25 -> 150 | K35: =Total!J26*25 -> 0 | L35: =Total!K26*25 -> 0 | M35: =Total!L26*25 -> 0
A36: Laguna Nor Poniente | B36: =Total!B27 -> NP1 | C36: Ocetra | D36: =Total!C27*20 -> 0 | E36: =Total!D27*20 -> 0 | F36: =Total!E27*25 -> 0 | G36: =Total!F27*25 -> 0 | H36: =Total!G27*25 -> 250 | I36: =Total!H27*25 -> 150 | J36: =Total!I27*25 -> 150 | K36: =Total!J27*25 -> 0 | L36: =Total!K27*25 -> 0 | M36: =Total!L27*25 -> 0
B37: =Total!B28 -> NP2 | C37: Ocetra | D37: =Total!C28*20 -> 0 | E37: =Total!D28*20 -> 0 | F37: =Total!E28*25 -> 0 | G37: =Total!F28*25 -> 0 | H37: =Total!G28*25 -> 100 | I37: =Total!H28*25 -> 150 | J37: =Total!I28*25 -> 150 | K37: =Total!J28*25 -> 0 | L37: =Total!K28*25 -> 0 | M37: =Total!L28*25 -> 0
B38: =Total!B29 -> NP3 | C38: Ocetra | D38: =Total!C29*20 -> 0 | E38: =Total!D29*20 -> 0 | F38: =Total!E29*25 -> 0 | G38: =Total!F29*25 -> 0 | H38: =Total!G29*25 -> 425 | I38: =Total!H29*25 -> 225 | J38: =Total!I29*25 -> 0 | K38: =Total!J29*25 -> 0 | L38: =Total!K29*25 -> 0 | M38: =Total!L29*25 -> 0
B39: =Total!B30 -> NP4 | C39: Ocetra | D39: =Total!C30*20 -> 0 | E39: =Total!D30*20 -> 0 | F39: =Total!E30*25 -> 0 | G39: =Total!F30*25 -> 0 | H39: =Total!G30*25 -> 425 | I39: =Total!H30*25 -> 225 | J39: =Total!I30*25 -> 0 | K39: =Total!J30*25 -> 0 | L39: =Total!K30*25 -> 0 | M39: =Total!L30*25 -> 0
B40: =Total!B31 -> NP5 | C40: Ocetra | D40: =Total!C31*20 -> 0 | E40: =Total!D31*20 -> 0 | F40: =Total!E31*25 -> 0 | G40: =Total!F31*25 -> 0 | H40: =Total!G31*25 -> 100 | I40: =Total!H31*25 -> 150 | J40: =Total!I31*25 -> 150 | K40: =Total!J31*25 -> 0 | L40: =Total!K31*25 -> 0 | M40: =Total!L31*25 -> 0
B41: =Total!B32 -> NP6 | C41: Ocetra | D41: =Total!C32*20 -> 0 | E41: =Total!D32*20 -> 0 | F41: =Total!E32*25 -> 0 | G41: =Total!F32*25 -> 0 | H41: =Total!G32*25 -> 100 | I41: =Total!H32*25 -> 150 | J41: =Total!I32*25 -> 150 | K41: =Total!J32*25 -> 0 | L41: =Total!K32*25 -> 0 | M41: =Total!L32*25 -> 0
A42: Laguna Central | B42: =Total!B33 -> C1 | C42: Dolores | D42: =Total!C33*20 -> 0 | E42: =Total!D33*20 -> 0 | F42: =Total!E33*25 -> 0 | G42: =Total!F33*25 -> 0 | H42: =Total!G33*25 -> 100 | I42: =Total!H33*25 -> 150 | J42: =Total!I33*25 -> 0 | K42: =Total!J33*25 -> 0 | L42: =Total!K33*25 -> 0 | M42: =Total!L33*25 -> 0 | N42: =+B42 -> C1
B43: =Total!B34 -> C2N | C43: Caridad | D43: =Total!C34*20 -> 0 | E43: =Total!D34*20 -> 160 | F43: =Total!E34*25 -> 225 | G43: =Total!F34*25 -> 0 | H43: =Total!G34*25 -> 0 | I43: =Total!H34*25 -> 0 | J43: =Total!I34*25 -> 0 | K43: =Total!J34*25 -> 0 | L43: =Total!K34*25 -> 0 | M43: =Total!L34*25 -> 0 | N43: =+B43 -> C2N
B44: =Total!B35 -> C2 | C44: Dolores | D44: =Total!C35*20 -> 0 | E44: =Total!D35*20 -> 0 | F44: =Total!E35*25 -> 0 | G44: =Total!F35*25 -> 0 | H44: =Total!G35*25 -> 100 | I44: =Total!H35*25 -> 150 | J44: =Total!I35*25 -> 0 | K44: =Total!J35*25 -> 0 | L44: =Total!K35*25 -> 0 | M44: =Total!L35*25 -> 0
B45: =Total!B36 -> C3 | C45: Ocetra | D45: =Total!C36*20 -> 0 | E45: =Total!D36*20 -> 0 | F45: =Total!E36*25 -> 0 | G45: =Total!F36*25 -> 0 | H45: =Total!G36*25 -> 75 | I45: =Total!H36*25 -> 0 | J45: =Total!I36*25 -> 75 | K45: =Total!J36*25 -> 0 | L45: =Total!K36*25 -> 0 | M45: =Total!L36*25 -> 0 | N45: =+B45 -> C3
B46: =Total!B37 -> C4 | C46: Del Carmen | D46: =Total!C37*20 -> 0 | E46: =Total!D37*20 -> 0 | F46: =Total!E37*25 -> 0 | G46: =Total!F37*25 -> 0 | H46: =Total!G37*25 -> 75 | I46: =Total!H37*25 -> 0 | J46: =Total!I37*25 -> 0 | K46: =Total!J37*25 -> 0 | L46: =Total!K37*25 -> 0 | M46: =Total!L37*25 -> 0 | N46: =+B46 -> C4
B47: =Total!B38 -> C5 | C47: Loudes | D47: =Total!C38*20 -> 0 | E47: =Total!D38*20 -> 0 | F47: =Total!E38*25 -> 225 | G47: =Total!F38*25 -> 0 | H47: =Total!G38*25 -> 75 | I47: =Total!H38*25 -> 0 | J47: =Total!I38*25 -> 50 | K47: =Total!J38*25 -> 0 | L47: =Total!K38*25 -> 0 | M47: =Total!L38*25 -> 0
B48: =Total!B39 -> C6 | C48: Rosa | D48: =Total!C39*20 -> 0 | E48: =Total!D39*20 -> 0 | F48: =Total!E39*25 -> 0 | G48: =Total!F39*25 -> 0 | H48: =Total!G39*25 -> 200 | I48: =Total!H39*25 -> 0 | J48: =Total!I39*25 -> 0 | K48: =Total!J39*25 -> 0 | L48: =Total!K39*25 -> 0 | M48: =Total!L39*25 -> 0 | N48: =+B48 -> C6
A49: Hatchery | B49: =Total!B40 -> Hatchery | C49: Caridad | D49: =Total!C40*20 -> 0 | E49: =Total!D40*20 -> 160 | F49: =Total!E40*25 -> 200 | G49: =Total!F40*25 -> 0 | H49: =Total!G40*25 -> 0 | I49: =Total!H40*25 -> 0 | J49: =Total!I40*25 -> 0 | K49: =Total!J40*25 -> 0 | L49: =Total!K40*25 -> 0 | M49: =Total!L40*25 -> 0
A50: Jaula | B50: =Total!B41 -> Jaula | C50: Del Carmen | D50: =Total!C41*20 -> 0 | E50: =Total!D41*20 -> 0 | F50: =Total!E41*25 -> 0 | G50: =Total!F41*25 -> 0 | H50: =Total!G41*25 -> 0 | I50: =Total!H41*25 -> 0 | J50: =Total!I41*25 -> 0 | K50: =Total!J41*25 -> 0 | L50: =Total!K41*25 -> 0 | M50: =Total!L41*25 -> 0
A57: Registro | C57: PC 01.1 | D57: Programa de Crianza
A58: Versión: | C58: 0.24
A59: Fecha: | C59: 44701 | D59: RESUMEN MENSUAL EXISTENCIAS
A60: Elaborado Por: | C60: A - Vial
A61: Modificado por: | C61: R - Gatica | J61: Mayo
A62: Aprobado Por | C62: A - Vial | D62: Acuícola Alas S.A., Ruta 5 sur, Km 338, VII región, Parral
A63: Hojas: | C63: 2 de 2
C66: Total kg | D66: =D11 -> Thalassa 0.9 -1.6 | E66: =E11 -> Thalassa 1.3 - 2.0 | F66: =F11 -> 3 mm progress ex | G66: =G11 -> 4.5 mm Progress | H66: =H11 -> 6 mm Progress | I66: =I11 -> 8 mm Progress | J66: =J11 -> 8 mm Reproductor | K66: =K11 -> 0 | ... M66: =M11 -> 0
A67: Total consumido | C67: =SUM(D67:M67) -> 13145 | D67: =SUM(D12:D50) -> 0 | E67: =SUM(E12:E50) -> 320 | F67: =SUM(F12:F50) -> 1250 | G67: =SUM(G12:G50) -> 275 | H67: =SUM(H12:H50) -> 6925 | I67: =SUM(I12:I50) -> 3350 | J67: =SUM(J12:J50) -> 1025 | K67: =SUM(K12:K50) -> 0 | ... M67: =SUM(M12:M50) -> 0
A68: Inicial mensual | C68: =SUM(D68:M68) -> 15125 | D68: 600 | E68: 600 | F68: 3975 | G68: 0 | H68: 8900 | I68: 1050 | J68: 0 | K68: 0 | L68: 0 | M68: 0
A69: Ingresos | C69: =SUM(D69:M69) -> 22500 | D69: 0 | E69: 0 | F69: 0 | G69: 5000 | H69: 5000 | I69: 6250 | J69: 6250 | K69: 0 | L69: 0 | M69: 0
A70: Final Mensual kg | C70: =SUM(D70:M70) -> 24480 | D70: =(D68+D69)-D67 -> 600 | E70: =(E68+E69)-E67 -> 280 | F70: =(F68+F69)-F67 -> 2725 | G70: =(G68+G69)-G67 -> 4725 | H70: =(H68+H69)-H67 -> 6975 | I70: =(I68+I69)-I67 -> 3950 | J70: =(J68+J69)-J67 -> 5225 | K70: =(K68+K69)-K67 -> 0 | ... M70: =(M68+M69)-M67 -> 0
A76: Lote | C76: Total Consumido kg | D76: =D11 -> Thalassa 0.9 -1.6 | E76: =E11 -> Thalassa 1.3 - 2.0 | F76: =F11 -> 3 mm progress ex | G76: =G11 -> 4.5 mm Progress | H76: =H11 -> 6 mm Progress | I76: =I11 -> 8 mm Progress | J76: =J11 -> 8 mm Reproductor | K76: =K11 -> 0 | ... M76: =M11 -> 0
A77: Candelaria | C77: =SUM(D77:M77) -> 350 | D77: =Hoja21!B4 -> 0 | E77: =Hoja21!C4 -> 0 | F77: =Hoja21!D4 -> 200 | G77: =Hoja21!E4 -> 75 | H77: =Hoja21!F4 -> 75 | I77: =Hoja21!G4 -> 0 | J77: =Hoja21!H4 -> 0 | K77: =Hoja21!I4 -> 0 | ... M77: =Hoja21!K4 -> 0
A78: Caridad | C78: =SUM(D78:M78) -> 745 | D78: =Hoja21!B5 -> 0 | E78: =Hoja21!C5 -> 320 | F78: =Hoja21!D5 -> 425 | G78: =Hoja21!E5 -> 0 | H78: =Hoja21!F5 -> 0 | I78: =Hoja21!G5 -> 0 | J78: =Hoja21!H5 -> 0 | K78: =Hoja21!I5 -> 0 | ... M78: =Hoja21!K5 -> 0
A79: Del Carmen | C79: =SUM(D79:M79) -> 875 | D79: =Hoja21!B6 -> 0 | E79: =Hoja21!C6 -> 0 | F79: =Hoja21!D6 -> 0 | G79: =Hoja21!E6 -> 0 | H79: =Hoja21!F6 -> 425 | I79: =Hoja21!G6 -> 450 | J79: =Hoja21!H6 -> 0 | K79: =Hoja21!I6 -> 0 | ... M79: =Hoja21!K6 -> 0
A80: Dolores | C80: =SUM(D80:M80) -> 500 | D80: =Hoja21!B7 -> 0 | E80: =Hoja21!C7 -> 0 | F80: =Hoja21!D7 -> 0 | G80: =Hoja21!E7 -> 0 | H80: =Hoja21!F7 -> 200 | I80: =Hoja21!G7 -> 300 | J80: =Hoja21!H7 -> 0 | K80: =Hoja21!I7 -> 0 | ... M80: =Hoja21!K7 -> 0
A81: Lourdes | C81: =SUM(D81:M81) -> 350 | D81: =Hoja21!B8 -> 0 | E81: =Hoja21!C8 -> 0 | F81: =Hoja21!D8 -> 225 | G81: =Hoja21!E8 -> 0 | H81: =Hoja21!F8 -> 75 | I81: =Hoja21!G8 -> 0 | J81: =Hoja21!H8 -> 50 | K81: =Hoja21!I8 -> 0 | ... M81: =Hoja21!K8 -> 0
A82: Ocetra | C82: =SUM(D82:M82) -> 7325 | D82: =Hoja21!B9 -> 0 | E82: =Hoja21!C9 -> 0 | F82: =Hoja21!D9 -> 0 | G82: =Hoja21!E9 -> 0 | H82: =Hoja21!F9 -> 4050 | I82: =Hoja21!G9 -> 2300 | J82: =Hoja21!H9 -> 975 | K82: =Hoja21!I9 -> 0 | ... M82: =Hoja21!K9 -> 0
A83: Pilar | C83: =SUM(D83:M83) -> 1175 | D83: =Hoja21!B10 -> 0 | E83: =Hoja21!C10 -> 0 | F83: =Hoja21!D10 -> 175 | G83: =Hoja21!E10 -> 100 | H83: =Hoja21!F10 -> 900 | I83: =Hoja21!G10 -> 0 | J83: =Hoja21!H10 -> 0 | K83: =Hoja21!I10 -> 0 | ... M83: =Hoja21!K10 -> 0
A84: Rosa | C84: =SUM(D84:M84) -> 200 | D84: =Hoja21!B11 -> 0 | E84: =Hoja21!C11 -> 0 | F84: =Hoja21!D11 -> 0 | G84: =Hoja21!E11 -> 0 | H84: =Hoja21!F11 -> 200 | I84: =Hoja21!G11 -> 0 | J84: =Hoja21!H11 -> 0 | K84: =Hoja21!I11 -> 0 | ... M84: =Hoja21!K11 -> 0
A85: Rosario | C85: =SUM(D85:M85) -> 1300 | D85: =Hoja21!B12 -> 0 | E85: =Hoja21!C12 -> 0 | F85: =Hoja21!D12 -> 0 | G85: =Hoja21!E12 -> 0 | H85: =Hoja21!F12 -> 1000 | I85: =Hoja21!G12 -> 300 | J85: =Hoja21!H12 -> 0 | K85: =Hoja21!I12 -> 0 | ... M85: =Hoja21!K12 -> 0
A86: Victoria | C86: =SUM(D86:M86) -> 325 | D86: =Hoja21!B13 -> 0 | E86: =Hoja21!C13 -> 0 | F86: =Hoja21!D13 -> 225 | G86: =Hoja21!E13 -> 100 | H86: =Hoja21!F13 -> 0 | I86: =Hoja21!G13 -> 0 | J86: =Hoja21!H13 -> 0 | K86: =Hoja21!I13 -> 0 | ... M86: =Hoja21!K13 -> 0
A87: Total | C87: =SUM(C77:C86) -> 13145 | D87: =SUM(D77:D86) -> 0 | E87: =SUM(E77:E86) -> 320 | F87: =SUM(F77:F86) -> 1250 | G87: =SUM(G77:G86) -> 275 | H87: =SUM(H77:H86) -> 6925 | I87: =SUM(I77:I86) -> 3350 | J87: =SUM(J77:J86) -> 1025 | ... M87: =SUM(M77:M86) -> 0

Sheet Mensual
